TweetDate,Hashtag,HashtagFreq
"2020-04-06 23:59:33",CoronavirusRoundup,31
"2020-04-06 23:59:09",PRIA,1
"2020-04-06 23:58:56",CoronaVirusNY,15
"2020-04-06 23:58:56",CoronaVirusNYC,27
"2020-04-06 23:58:56",ShelterinPlace,17
"2020-04-06 23:58:56",ShutDown,15
"2020-04-06 23:58:56",ShutDownNow,15
"2020-04-06 23:58:16",DestitucionDelMinistroDeSalud,2
"2020-04-06 23:58:02",cuomosexual,617
"2020-04-06 23:58:02",StayHome,1171
"2020-04-06 23:57:49",Chinatown,17
"2020-04-06 23:57:49",SF,17
"2020-04-06 23:57:36",RNJNEWS,3
"2020-04-06 23:57:27",EmpireState,1
"2020-04-06 23:57:19",quarantiningwithghosts,7
"2020-04-06 23:56:59",development,3
"2020-04-06 23:56:34",flu,4
"2020-04-06 23:56:34",prepper,13
"2020-04-06 23:56:34",virus,11
"2020-04-06 23:56:23",IdahoCovid19,19
"2020-04-06 23:56:20",COVIDChat,4
"2020-04-06 23:55:59",ROC,58
"2020-04-06 23:55:33",Wyoming,5
"2020-04-06 23:55:11",facemask,3
"2020-04-06 23:55:08",NEGATIVE,9
"2020-04-06 23:54:23",AdventuresOfMaranellaAndEverett,1
"2020-04-06 23:54:04",corornavirus,21
"2020-04-06 23:53:41",unitebynight,2
"2020-04-06 23:53:30",100daysofnotebooking,2
"2020-04-06 23:53:30",TeachWrite,2
"2020-04-06 23:53:20",Iran,4
"2020-04-06 23:52:39",BeHuman,2
"2020-04-06 23:52:39",bekind,3
"2020-04-06 23:50:42",charity,2
"2020-04-06 23:50:41",gold,1
"2020-04-06 23:50:21",Amherst,1
"2020-04-06 23:50:02",Healthy,25
"2020-04-06 23:49:52",Travel,12
"2020-04-06 23:49:47",TeaWithMrsG,3
"2020-04-06 23:49:00",coronavirus,2488
"2020-04-06 23:48:40",homechef,1
"2020-04-06 23:48:40",quarantine,160
"2020-04-06 23:48:23",mepolitics,16
"2020-04-06 23:47:21",formativechat,1
"2020-04-06 23:47:00",WTF,2
"2020-04-06 23:46:47",VirusAlert,1
"2020-04-06 23:46:13",WordOfTheDay,1
"2020-04-06 23:46:06",metal,2
"2020-04-06 23:46:06",staysafeoutthere,1
"2020-04-06 23:45:50",HumanRights,1
"2020-04-06 23:45:03",CrainsNY,1
"2020-04-06 23:44:48",PublicHealthWeek,5
"2020-04-06 23:44:17",BloodBan,9
"2020-04-06 23:43:24",coldsummerchallenge,1
"2020-04-06 23:43:03",HorseBloggers,1
"2020-04-06 23:42:50",myself,1
"2020-04-06 23:42:50",tarot,1
"2020-04-06 23:42:50",video,2
"2020-04-06 23:42:50",youtube,2
"2020-04-06 23:42:50",youtuber,1
"2020-04-06 23:42:39",BestofRI,1
"2020-04-06 23:42:36",musicbingo,1
"2020-04-06 23:42:36",rcsd,1
"2020-04-06 23:42:19",WorldHealthDay,1
"2020-04-06 23:42:10",RT,1
"2020-04-06 23:41:17",TrumpEaster,87
"2020-04-06 23:40:43",MondayVibes,3
"2020-04-06 23:40:24",somegoodnews,1
"2020-04-06 23:40:05",CuarentenaTotal,1
"2020-04-06 23:40:05",QuedateEnCasa,1
"2020-04-06 23:39:49",selfisolate,1
"2020-04-06 23:39:33",UBuffalo,6
"2020-04-06 23:39:19",ElmhurstHospital,1
"2020-04-06 23:39:19",Queens,3
"2020-04-06 23:38:57",MadeInChina,1
"2020-04-06 23:38:57",RNA,1
"2020-04-06 23:38:15",healthcare,27
"2020-04-06 23:38:08",covid19newyork,1
"2020-04-06 23:38:08",USNSComfort,3
"2020-04-06 23:38:07",DRUMPFADMINISTRATIONCORRUPTION,1
"2020-04-06 23:37:47",AMERICA,14
"2020-04-06 23:37:47",CHINA,51
"2020-04-06 23:37:47",COLONY,11
"2020-04-06 23:37:47",ELITES,11
"2020-04-06 23:37:47",SENDING,11
"2020-04-06 23:37:47",THEDEEPSTATE,11
"2020-04-06 23:37:47",US,17
"2020-04-06 23:37:28",DYSOM,1
"2020-04-06 23:36:30",Athletics,1
"2020-04-06 23:35:04",SocialMedia,2
"2020-04-06 23:34:59",Liberty,1
"2020-04-06 23:34:59",NoRuler,1
"2020-04-06 23:34:59",RightToTravel,1
"2020-04-06 23:34:37",BanWetMarkets,1
"2020-04-06 23:34:35",PEOPLE,15
"2020-04-06 23:34:35",SEE,14
"2020-04-06 23:33:33",DEBATE,1
"2020-04-06 23:33:33",DEBATED,1
"2020-04-06 23:33:33",FAMILY,4
"2020-04-06 23:33:33",TOPICS,1
"2020-04-06 23:32:51",livestream,3
"2020-04-06 23:32:51",Pokemon,2
"2020-04-06 23:32:51",pokemonswordshield,2
"2020-04-06 23:32:51",tonight,1
"2020-04-06 23:32:51",Twitch,4
"2020-04-06 23:32:51",wrestlemania,11
"2020-04-06 23:32:03",AdamDriver,2
"2020-04-06 23:31:55",WearAMask,1
"2020-04-06 23:31:54",HumaneOutbreakResponse,2
"2020-04-06 23:31:42",FakeNewsCNN,14
"2020-04-06 23:31:02",FlattenTheCurve,12
"2020-04-06 23:30:14",MakingPasta,1
"2020-04-06 23:30:14",WereBored,1
"2020-04-06 23:29:31",beachdog,4
"2020-04-06 23:29:31",beachlife,4
"2020-04-06 23:29:31",dogsoftwitter,4
"2020-04-06 23:29:31",Maine,10
"2020-04-06 23:29:31",pug,4
"2020-04-06 23:29:31",puglife,4
"2020-04-06 23:29:31",pugs,4
"2020-04-06 23:29:31",pugsoftwitter,4
"2020-04-06 23:29:18",Andy,270
"2020-04-06 23:29:18",CuomoForPresident,1
"2020-04-06 23:28:35",MSNBC,2
"2020-04-06 23:25:36",Elmhurst,1
"2020-04-06 23:24:38",BraceYourself,1
"2020-04-06 23:24:28",AHML,1
"2020-04-06 23:24:28",FosmorRadio,1
"2020-04-06 23:23:30",ThankYouForYourService,4
"2020-04-06 23:23:26",ImpeachmentPens,214
"2020-04-06 23:21:58",CovidTesting,2
"2020-04-06 23:20:55",Rak,2
"2020-04-06 23:20:37",IndigenousPeoples,2
"2020-04-06 23:20:37",UNPFII,2
"2020-04-06 23:20:20",ForTheKids,1
"2020-04-06 23:20:20",SupportSmallStreamers,3
"2020-04-06 23:20:02",Onward,1
"2020-04-06 23:19:49",Cuba,1
"2020-04-06 23:19:49",Venezuela,3
"2020-04-06 23:19:21",pandemia,1
"2020-04-06 23:19:21",virusPCCh,4
"2020-04-06 23:19:19",TrumpPandemic,14
"2020-04-06 23:18:43",COVIDIOT,8
"2020-04-06 23:17:19",lucifans,1
"2020-04-06 23:17:19",LuciferSeason5,1
"2020-04-06 23:17:07",ComradeDeBlasio,1
"2020-04-06 23:16:37",HelpUs,2
"2020-04-06 23:15:57",data,7
"2020-04-06 23:15:57",openaccess,7
"2020-04-06 23:15:43",doctors,7
"2020-04-06 23:15:43",HealthcareHeroes,8
"2020-04-06 23:15:43",NewYork,29
"2020-04-06 23:15:43",nurses,25
"2020-04-06 23:15:43",USA,6
"2020-04-06 23:15:32",FauciHero,9
"2020-04-06 23:14:05",COVID1984,106
"2020-04-06 23:13:50",lockdowneffect,12
"2020-04-06 23:13:50",QuarantineLife,33
"2020-04-06 23:13:04",fabricmasks,14
"2020-04-06 23:12:31",Biden2020,2
"2020-04-06 23:12:31",PresidentIsALiar,1
"2020-04-06 23:12:31",ResignTrump,1
"2020-04-06 23:12:31",UnfitToBePresident,1
"2020-04-06 23:12:00",NationalPoetryMonth,2
"2020-04-06 23:11:57",incarceration,11
"2020-04-06 23:11:37",911Strong,1
"2020-04-06 23:11:37",essentialworkers,3
"2020-04-06 23:11:37",FirstResponders,1
"2020-04-06 23:11:37",IAm911,1
"2020-04-06 23:11:29",SpiderMan,1
"2020-04-06 23:11:28",NYSonPAUSE,3
"2020-04-06 23:11:28",OneStop,3
"2020-04-06 23:11:17",siennacollege,1
"2020-04-06 23:10:52",ACNH,2
"2020-04-06 23:10:52",AnimalCrossing,4
"2020-04-06 23:10:22",boise,1
"2020-04-06 23:10:22",goodnews,3
"2020-04-06 23:10:22",idaho,3
"2020-04-06 23:10:22",Together,1
"2020-04-06 23:10:08",digitalhealth,1
"2020-04-06 23:10:08",insights,1
"2020-04-06 23:09:44",InTheBUF,1
"2020-04-06 23:08:41",Thailand,1
"2020-04-06 23:08:17",CrushTheCurve,3
"2020-04-06 23:08:03",ApplePoll,4
"2020-04-06 23:08:03",mask,27
"2020-04-06 23:08:03",Masks,10
"2020-04-06 23:08:03",Taiwan,9
"2020-04-06 23:08:03",マスク,18
"2020-04-06 23:08:03",口罩,24
"2020-04-06 23:08:03",台湾,5
"2020-04-06 23:08:03",台灣,5
"2020-04-06 23:08:03",武漢肺炎,150
"2020-04-06 23:08:03",蘋果投票,4
"2020-04-06 23:07:26",RC8TEAM,1
"2020-04-06 23:07:24",coronalife,2
"2020-04-06 23:06:48",CallofDuty,1
"2020-04-06 23:06:48",SmallStreamerConnect,1
"2020-04-06 23:06:37",coronaupdatesindia,1
"2020-04-06 23:06:01",ChatMS,1
"2020-04-06 23:05:28",TrumpIsALooser,1
"2020-04-06 23:05:05",TrumpLiesPeopleDie,8
"2020-04-06 23:05:03",BoldGoldMedia,7
"2020-04-06 23:05:03",Radio,7
"2020-04-06 23:05:03",RadioBOLD,7
"2020-04-06 23:05:03",RadioItsOn,7
"2020-04-06 23:05:03",RadioMatters,7
"2020-04-06 23:04:52",Battalion46,8
"2020-04-06 23:04:52",Engine287,8
"2020-04-06 23:04:52",Engine289,8
"2020-04-06 23:04:52",Engine307,8
"2020-04-06 23:04:52",Engine316,8
"2020-04-06 23:04:52",Engine324,8
"2020-04-06 23:04:52",Engine325,8
"2020-04-06 23:04:52",Ladder136,8
"2020-04-06 23:04:52",Ladder138,8
"2020-04-06 23:04:52",Ladder154,8
"2020-04-06 23:04:52",Ladder163,8
"2020-04-06 23:04:48",CAPTV,2
"2020-04-06 23:04:39",domesticabuse,2
"2020-04-06 23:03:46",AHORA,1
"2020-04-06 23:03:45",PresidentSanders,53
"2020-04-06 23:02:22",westmdmini20,5
"2020-04-06 23:01:24",RIP,3
"2020-04-06 23:01:11",abortion,2
"2020-04-06 23:01:11",pandemic,139
"2020-04-06 23:01:09",Homeless,6
"2020-04-06 23:01:09",HopeBags,6
"2020-04-06 23:00:31",altruistas,1
"2020-04-06 23:00:31",SuministrosMédicos,1
"2020-04-06 23:00:19",seniors,1
"2020-04-06 23:00:19",survival,1
"2020-04-06 23:00:04",LocalSYR,6
"2020-04-06 23:00:04",SYR,2
"2020-04-06 23:00:00",BRASIL,1
"2020-04-06 23:00:00",Paraguay,1
"2020-04-06 23:00:00",RonaldinhoGaúcho,1
"2020-04-06 22:59:36",CoronaLockdown,3
"2020-04-06 22:59:29",resist,81
"2020-04-06 22:59:29",VoteBlue2020,60
"2020-04-06 22:58:52",GunViolence,1
"2020-04-06 22:58:38",GeorgWebb,2
"2020-04-06 22:58:38",JohnOLoughlin,2
"2020-04-06 22:58:38",McGeorg,2
"2020-04-06 22:58:38",McPuff,2
"2020-04-06 22:58:09",BioInc,1
"2020-04-06 22:58:09",PlagueInc,1
"2020-04-06 22:57:58",FNL,3
"2020-04-06 22:57:45",physicianburnout,2
"2020-04-06 22:57:40",StayHomeSaveLives,8
"2020-04-06 22:57:40",StayHomeStaySafe,3
"2020-04-06 22:57:40",SupportSmallerStreamers,1
"2020-04-06 22:57:40",SupportSmallerStreams,1
"2020-04-06 22:57:40",twitchaffiliate,1
"2020-04-06 22:57:11",FreeThemAll,2
"2020-04-06 22:56:04",PrimeDay,1
"2020-04-06 22:56:04",WeDontPlay,8
"2020-04-06 22:55:52",ADOS,1
"2020-04-06 22:55:51",NumberSuppression,1
"2020-04-06 22:55:51",TrumpLiesAmericansDie,5
"2020-04-06 22:55:04",BanWhatsappUniversity,1
"2020-04-06 22:54:47",IShouldntBringThisUp,7
"2020-04-06 22:54:39",campaign,2
"2020-04-06 22:54:39",Support,1
"2020-04-06 22:54:21",NYPAUSE,2
"2020-04-06 22:53:43",chickenfajitas,1
"2020-04-06 22:53:21",econ,2
"2020-04-06 22:53:18",70DayDeadlyDelay,1
"2020-04-06 22:53:18",GOPBetrayedAmerica,4
"2020-04-06 22:53:18",GOPCorruptionOverCountry,4
"2020-04-06 22:52:14",MattieuEthanHandSanitizer,1
"2020-04-06 22:52:07",HairGang,1
"2020-04-06 22:50:21",BeSafe,7
"2020-04-06 22:50:01",dummyTrumper,1
"2020-04-06 22:49:49",UnionStrong,9
"2020-04-06 22:49:30",youarenotalone,2
"2020-04-06 22:49:25",Joe,1
"2020-04-06 22:49:25",JoeBiden,2
"2020-04-06 22:49:25",Obama,1
"2020-04-06 22:49:17",SocialDistancing,42
"2020-04-06 22:48:33",app,2
"2020-04-06 22:48:21",RikersIsland,27
"2020-04-06 22:47:01",GOPLies,2
"2020-04-06 22:46:49",Yemen,1
"2020-04-06 22:46:46",SouthKorea,4
"2020-04-06 22:46:44",KnockItOff,4
"2020-04-06 22:46:39",Rona2020,1
"2020-04-06 22:46:19",billsmafia,34
"2020-04-06 22:45:59",Kittery,1
"2020-04-06 22:45:17",Insurance,8
"2020-04-06 22:45:17",reinsurance,4
"2020-04-06 22:45:03",recession,1
"2020-04-06 22:43:58",NotEssential,2
"2020-04-06 22:43:34",BillWithers,1
"2020-04-06 22:43:18",specialeducation,1
"2020-04-06 22:42:42",90dayfiance,5
"2020-04-06 22:42:36",SexDiaries,1
"2020-04-06 22:41:44",ICYMI,4
"2020-04-06 22:40:28",fearlesslyfacingfifty,1
"2020-04-06 22:40:28",patientzer,1
"2020-04-06 22:38:34",SmallBizRelief,1
"2020-04-06 22:38:30",blessGrocery,1
"2020-04-06 22:37:25",CollegeHill,1
"2020-04-06 22:36:58",TrumpPressBriefing,5
"2020-04-06 22:36:52",menoume_spiti,9
"2020-04-06 22:36:52",μενουμε_σπιτι,12
"2020-04-06 22:36:52",ΜΕΝΟΥΜΕΣΠΙΤΙ,10
"2020-04-06 22:36:41",NYMC,1
"2020-04-06 22:36:13",childcare,4
"2020-04-06 22:35:37",abdsc,11
"2020-04-06 22:35:37",BigData,14
"2020-04-06 22:35:37",DataLiteracy,11
"2020-04-06 22:35:37",DataScience,13
"2020-04-06 22:35:37",DataViz,11
"2020-04-06 22:35:35",ChinaLiedPeopleDied,3
"2020-04-06 22:35:35",politics,1
"2020-04-06 22:35:35",trouble,1
"2020-04-06 22:35:35",truth,2
"2020-04-06 22:35:14",FicaMandetta,4
"2020-04-06 22:35:05",hoarding,12
"2020-04-06 22:35:05",N95masks,12
"2020-04-06 22:34:48",commoncold,1
"2020-04-06 22:34:48",Coronaviruses,1
"2020-04-06 22:34:48",MERS,2
"2020-04-06 22:34:22",Battalion6,2
"2020-04-06 22:34:22",Battalion8,2
"2020-04-06 22:34:22",Engine1,2
"2020-04-06 22:34:22",Engine16,2
"2020-04-06 22:34:22",Engine21,2
"2020-04-06 22:34:22",Engine5,2
"2020-04-06 22:34:22",Engine8,2
"2020-04-06 22:34:22",Ladder2,2
"2020-04-06 22:34:22",Ladder24,2
"2020-04-06 22:34:22",Ladder3,2
"2020-04-06 22:34:22",Ladder7,2
"2020-04-06 22:34:08",GenderPayGap,1
"2020-04-06 22:34:07",Bible,1
"2020-04-06 22:34:07",God,2
"2020-04-06 22:34:07",JesusDidIt,1
"2020-04-06 22:34:07",LoveStream,1
"2020-04-06 22:34:07",Miracles,1
"2020-04-06 22:34:07",Prayer,9
"2020-04-06 22:34:07",Worship,1
"2020-04-06 22:33:20",MajorLeagueSoccer,1
"2020-04-06 22:33:20",MLS,1
"2020-04-06 22:32:49",CruiseShip,1
"2020-04-06 22:32:49",Florida,7
"2020-04-06 22:32:39",StaySafe,55
"2020-04-06 22:32:00",EEUU,2
"2020-04-06 22:32:00",Nicaragua,1
"2020-04-06 22:32:00",visas,1
"2020-04-06 22:31:54",BermasBrigade,7
"2020-04-06 22:31:54",Event201,2
"2020-04-06 22:31:54",SlowRollout,2
"2020-04-06 22:31:31",TogetherAtHome,1
"2020-04-06 22:31:22",wtp2020,1
"2020-04-06 22:31:22",wtpTEAM,1
"2020-04-06 22:30:36",programmingtutorials,2
"2020-04-06 22:30:11",homelessness,1
"2020-04-06 22:30:01",Robots,12
"2020-04-06 22:29:54",DEADLYDONALD,4
"2020-04-06 22:29:32",Cretan,2
"2020-04-06 22:29:10",ai,8
"2020-04-06 22:27:49",environmentalhealth,1
"2020-04-06 22:27:49",WhatILearnedToday,1
"2020-04-06 22:27:31",covid19Gr,13
"2020-04-06 22:27:30",knauss,2
"2020-04-06 22:27:30",MensongesdEtat,1
"2020-04-06 22:27:30",ScandaleSanitaire,1
"2020-04-06 22:27:00",Pentagon,7
"2020-04-06 22:27:00",ventilators,9
"2020-04-06 22:26:45",Georgia,1
"2020-04-06 22:26:02",DefenseProductionAct,4
"2020-04-06 22:25:21",MtMRadio,1
"2020-04-06 22:25:07",forgetaboutRona,1
"2020-04-06 22:25:07",JacksonHeights,1
"2020-04-06 22:24:01",restaurants,2
"2020-04-06 22:22:25",newsconferences,1
"2020-04-06 22:22:25",Topeka,1
"2020-04-06 22:22:17",BronxZoo,3
"2020-04-06 22:22:17",pets,1
"2020-04-06 22:22:17",SARS,2
"2020-04-06 22:22:06",post,1
"2020-04-06 22:20:59",Assange,4
"2020-04-06 22:20:59",HCPs,1
"2020-04-06 22:20:50",UNSC,3
"2020-04-06 22:20:09",MusicGivesBack,13
"2020-04-06 22:19:57",ArchieDay,1
"2020-04-06 22:19:57",SussexSquad,5
"2020-04-06 22:19:47",Infowars,5
"2020-04-06 22:18:04",grewupawyominggirl,1
"2020-04-06 22:16:49",SaharaHealth,1
"2020-04-06 22:16:49",StaySafeNigeria,1
"2020-04-06 22:16:02",BDS,1
"2020-04-06 22:16:02",Israel,14
"2020-04-06 22:16:02",Israelis,1
"2020-04-06 22:15:51",Virgo,1
"2020-04-06 22:15:49",EdPolicy,11
"2020-04-06 22:15:18",5G,10
"2020-04-06 22:15:18",κορονοιο,3
"2020-04-06 22:15:09",ICSNY,1
"2020-04-06 22:15:09",socialsecurity,1
"2020-04-06 22:14:59",evolves,1
"2020-04-06 22:14:43",WhereisDrFauci,2
"2020-04-06 22:13:00",LatestUpdate,3
"2020-04-06 22:13:00",nys,4
"2020-04-06 22:12:58",BillGates,32
"2020-04-06 22:12:58",Microsoft,19
"2020-04-06 22:12:58",WuhanVirus,44
"2020-04-06 22:12:58",微軟,19
"2020-04-06 22:12:58",新冠肺炎,86
"2020-04-06 22:12:58",新型冠狀病毒,148
"2020-04-06 22:12:58",比爾蓋茲,19
"2020-04-06 22:12:58",疫情,143
"2020-04-06 22:12:58",防疫,145
"2020-04-06 22:12:42",NeverForget,1
"2020-04-06 22:12:42",TrumpFailedAmerica,1
"2020-04-06 22:12:41",farewelltour,1
"2020-04-06 22:11:54",california,3
"2020-04-06 22:11:17",FightingHateFromHome,3
"2020-04-06 22:10:41",MondayMotivation,25
"2020-04-06 22:10:31",rtpodcast,1
"2020-04-06 22:10:11",WarRoomPandemic,1
"2020-04-06 22:10:05",TeamDL,17
"2020-04-06 22:09:29",FrontLines,1
"2020-04-06 22:08:33",NFL,28
"2020-04-06 22:08:16",WATCH,12
"2020-04-06 22:08:01",CCVMtribe,1
"2020-04-06 22:08:00",DontRushChallenege,1
"2020-04-06 22:08:00",Melanin,1
"2020-04-06 22:08:00",Nobodychallenge,1
"2020-04-06 22:07:15",arresting,1
"2020-04-06 22:07:15",jogger,1
"2020-04-06 22:05:57",SenFitzgerald,1
"2020-04-06 22:05:48",PeterNavarro,14
"2020-04-06 22:05:02",AtmosFear,1
"2020-04-06 22:05:02",FMCA,1
"2020-04-06 22:03:26",FoxNewsLiedAsPeopleDied,1
"2020-04-06 22:03:02",EthicsMPT,1
"2020-04-06 22:02:55",coronavirusoutbreak,5
"2020-04-06 22:02:47",CoronaOutbreak,1
"2020-04-06 22:02:40",hive,1
"2020-04-06 22:02:40",HiveBlogShare,1
"2020-04-06 22:02:40",HiveIsAlive,1
"2020-04-06 22:02:40",outbreak,1
"2020-04-06 22:02:40",WeAreChange,1
"2020-04-06 22:02:40",WRC,1
"2020-04-06 22:01:52",Alabama,7
"2020-04-06 22:01:52",StimulusCheck,4
"2020-04-06 22:01:52",unemployment,92
"2020-04-06 22:00:28",MAGAts,1
"2020-04-06 22:00:27",covie19,1
"2020-04-06 22:00:06",wow,1
"2020-04-06 21:59:54",cats,1
"2020-04-06 21:59:54",CatsOfTwitter,4
"2020-04-06 21:59:51",RIT,7
"2020-04-06 21:59:12",Ecuador,1
"2020-04-06 21:58:50",Indonesia,1
"2020-04-06 21:57:49",dealmaking,1
"2020-04-06 21:57:49",PrivateEquity,1
"2020-04-06 21:57:13",kdramas,1
"2020-04-06 21:57:13",Korean,1
"2020-04-06 21:57:13",koreanmovie,1
"2020-04-06 21:56:55",COVIDIOTS,5
"2020-04-06 21:56:40",DidNotNeedThatVisual,1
"2020-04-06 21:56:40",ManCrushMonday,3
"2020-04-06 21:56:40",NotMyManCrush,1
"2020-04-06 21:56:40",PotusJoke,1
"2020-04-06 21:56:15",CayugaCountyHealthDept,1
"2020-04-06 21:56:15",learning,1
"2020-04-06 21:55:11",401k,2
"2020-04-06 21:55:11",fiduciary,3
"2020-04-06 21:55:11",IRA,2
"2020-04-06 21:55:11",Retirement,2
"2020-04-06 21:55:01",africa,4
"2020-04-06 21:54:11",capitalism,3
"2020-04-06 21:53:45",uncategorized,1
"2020-04-06 21:53:31",ARMYSelcaDay,75
"2020-04-06 21:53:31",arsd,75
"2020-04-06 21:53:19",privilege,1
"2020-04-06 21:52:31",lifebalance,1
"2020-04-06 21:52:23",markesper,5
"2020-04-06 21:52:11",5gconspiracy,11
"2020-04-06 21:51:21",edchat,1
"2020-04-06 21:51:21",langchat,1
"2020-04-06 21:50:16",balancedlife,1
"2020-04-06 21:50:16",workfromhome,5
"2020-04-06 21:50:16",worklifebalance,1
"2020-04-06 21:50:15",Station46,5
"2020-04-06 21:49:56",WhiteHouseBriefing,2
"2020-04-06 21:49:46",refugeesgr,68
"2020-04-06 21:48:26",陳時中,14
"2020-04-06 21:47:54",Telemedicine,3
"2020-04-06 21:47:30",ExtraLifeUnited,2
"2020-04-06 21:46:04",COVID19Pandemic,8
"2020-04-06 21:46:04",SustainabilityGeneration,1
"2020-04-06 21:44:23",TrumpIsUnfit,1
"2020-04-06 21:44:14",Repost,9
"2020-04-06 21:44:02",intlEd,1
"2020-04-06 21:43:59",CoronaUpdate,2
"2020-04-06 21:43:50",CBSN,1
"2020-04-06 21:43:39",Balkans,1
"2020-04-06 21:43:13",queencityquarantineconcert,1
"2020-04-06 21:42:25",prick,1
"2020-04-06 21:42:25",Tax,1
"2020-04-06 21:42:06",Deathtoll,1
"2020-04-06 21:41:38",Naples,3
"2020-04-06 21:41:31",COVID19MD,2
"2020-04-06 21:40:03",Buffalo,13
"2020-04-06 21:40:03",PandemicCovid19,1
"2020-04-06 21:39:53",UNSG,1
"2020-04-06 21:39:34",ArtistOnTwitter,1
"2020-04-06 21:39:32",Russia,1
"2020-04-06 21:39:32",Sanctions,1
"2020-04-06 21:38:21",Fauci,29
"2020-04-06 21:37:41",LGBTQ,7
"2020-04-06 21:37:17",COVID,860
"2020-04-06 21:37:16",MyQuarantineSuperPower,3
"2020-04-06 21:37:06",TigerKingChallenge,1
"2020-04-06 21:37:06",TigerKingMeme,1
"2020-04-06 21:37:06",tigerkingmemes,1
"2020-04-06 21:35:17",MyCountryIsAWarZone,1
"2020-04-06 21:34:56",MiOrgulloEsUribe,8
"2020-04-06 21:34:49",FmediaLIES,1
"2020-04-06 21:34:29",letterbomb,1
"2020-04-06 21:34:11",SpideySquad,1
"2020-04-06 21:33:53",blues,2
"2020-04-06 21:33:53",Flute,2
"2020-04-06 21:33:53",fluteplayer,2
"2020-04-06 21:33:53",theblues,1
"2020-04-06 21:33:50",meiosisinquarantine,2
"2020-04-06 21:33:49",AdultLiteracy,1
"2020-04-06 21:33:45",EVIDENCE,3
"2020-04-06 21:33:45",INDICTED,3
"2020-04-06 21:33:45",INDICTMENTS,3
"2020-04-06 21:33:45",SEALED,3
"2020-04-06 21:33:40",AMLOseVA,7
"2020-04-06 21:33:40",LopezYaSeVa,7
"2020-04-06 21:33:00",Gamers,1
"2020-04-06 21:32:32",MITCOVID19Challenge,1
"2020-04-06 21:32:12",nybudget,1
"2020-04-06 21:32:03",complications,14
"2020-04-06 21:31:44",BREAKING,394
"2020-04-06 21:31:44",Cuomo,11
"2020-04-06 21:31:31",asthma,1
"2020-04-06 21:31:04",GraphicNovel,5
"2020-04-06 21:31:04",plaguedoctor,5
"2020-04-06 21:30:05",youngadult,1
"2020-04-06 21:29:46",lgbtquarantaine,1
"2020-04-06 21:29:39",Lockdowns,1
"2020-04-06 21:29:39",κορονοιος,6
"2020-04-06 21:29:35",Amazon,2
"2020-04-06 21:28:43",ErieCounty,1
"2020-04-06 21:28:11",LongIsland,5
"2020-04-06 21:27:09",MAE,1
"2020-04-06 21:25:51",TrumpLive,1
"2020-04-06 21:25:19",frankreynolds,1
"2020-04-06 21:25:19",TigerKingNetflix,4
"2020-04-06 21:25:02",corona,30
"2020-04-06 21:24:43",employees,1
"2020-04-06 21:24:43",environment,1
"2020-04-06 21:24:43",recycle,1
"2020-04-06 21:23:56",Wisconsin,5
"2020-04-06 21:23:32",Masks4All,11
"2020-04-06 21:23:31",coronapanic,3
"2020-04-06 21:23:31",coronavirusoregon,3
"2020-04-06 21:23:31",Coronavirustruth,4
"2020-04-06 21:22:30",BASSOMATIC,1
"2020-04-06 21:22:30",SnakeOilTrump,1
"2020-04-06 21:22:30",Trumps,1
"2020-04-06 21:22:28",SmartNews,16
"2020-04-06 21:22:17",MAGA2020,2
"2020-04-06 21:22:09",MAGA,7
"2020-04-06 21:21:37",entrevistas,1
"2020-04-06 21:21:12",ShaynaHammond,1
"2020-04-06 21:20:35",CFNano,1
"2020-04-06 21:20:35",NSLSII,1
"2020-04-06 21:19:15",FakeNews,97
"2020-04-06 21:18:19",Hospitalized,8
"2020-04-06 21:17:57",Haiti,1
"2020-04-06 21:17:09",Access2CRT,3
"2020-04-06 21:16:58",CEO,1
"2020-04-06 21:16:58",mood,1
"2020-04-06 21:16:58",motivationmonday,1
"2020-04-06 21:16:58",NBAYoungboy,1
"2020-04-06 21:16:58",stopstopping,1
"2020-04-06 21:16:58",tmadison,1
"2020-04-06 21:16:40",washthehate,2
"2020-04-06 21:15:05",musicmonday,8
"2020-04-06 21:14:41",reparations,1
"2020-04-06 21:14:24",DrinkingAlone,1
"2020-04-06 21:14:24",drinklocal,1
"2020-04-06 21:13:37",Engine211,1
"2020-04-06 21:13:37",Ladder119,1
"2020-04-06 21:13:37",michellepfeiffer,1
"2020-04-06 21:12:12",hero,1
"2020-04-06 21:11:59",MakeItMonday,4
"2020-04-06 21:11:59",stayhealthy,10
"2020-04-06 21:11:49",LipsTogetherTeethApart,2
"2020-04-06 21:10:58",godblessyou,1
"2020-04-06 21:10:58",yourstillalive,1
"2020-04-06 21:10:29",onhere,7
"2020-04-06 21:09:43",MicrosoftTeams,2
"2020-04-06 21:08:06",Dealmakers,1
"2020-04-06 21:08:06",MandA,1
"2020-04-06 21:08:06",middlemarket,1
"2020-04-06 21:07:40",AnthonyFauci,8
"2020-04-06 21:07:40",DRC,5
"2020-04-06 21:07:40",Ebola,5
"2020-04-06 21:06:30",NY12,4
"2020-04-06 21:06:18",DraftCuomo2020,1
"2020-04-06 21:06:18",TrueLeadersLead,1
"2020-04-06 21:05:17",FamilyBusiness,1
"2020-04-06 21:02:02",GiddyUp,6
"2020-04-06 21:02:02",Ha,6
"2020-04-06 21:01:01",shipping,1
"2020-04-06 21:01:01",startups,2
"2020-04-06 21:01:01",VC,1
"2020-04-06 21:00:33",TigersHelpingTigers,1
"2020-04-06 21:00:27",convalescentplasma,1
"2020-04-06 21:00:27",livercancer,1
"2020-04-06 21:00:22",NPHW2020,1
"2020-04-06 21:00:17",NoTittyMoney,5
"2020-04-06 21:00:03",presidency,1
"2020-04-06 20:59:28",Holocaust,1
"2020-04-06 20:57:30",SundayMorning,2
"2020-04-06 20:56:14",s,3
"2020-04-06 20:56:11",publishing,1
"2020-04-06 20:55:43",PlayEnergetic,1
"2020-04-06 20:55:14",journalism,1
"2020-04-06 20:54:18",virtualvolunteering,1
"2020-04-06 20:53:56",TheMoreYouKnow,1
"2020-04-06 20:53:41",Trepp,1
"2020-04-06 20:53:26",cyberattacks,3
"2020-04-06 20:53:04",streamer,3
"2020-04-06 20:52:40",DailyMail,1
"2020-04-06 20:52:36",BeActive,9
"2020-04-06 20:52:36",HealthyAtHome,1
"2020-04-06 20:51:56",awesome,4
"2020-04-06 20:51:49",Facebook,3
"2020-04-06 20:50:45",physician,3
"2020-04-06 20:50:28",TraitorTrump,2
"2020-04-06 20:49:57",PurgePacks,1
"2020-04-06 20:49:38",Friends,3
"2020-04-06 20:48:52",AASLH,1
"2020-04-06 20:48:52",archives,1
"2020-04-06 20:48:52",History,1
"2020-04-06 20:48:52",localhistory,1
"2020-04-06 20:48:52",twitterstorians,1
"2020-04-06 20:48:48",inequality,1
"2020-04-06 20:47:44",NewYorkTough,887
"2020-04-06 20:47:10",SocialDistance,5
"2020-04-06 20:47:10",StayAtHome,26
"2020-04-06 20:46:40",Brexit,17
"2020-04-06 20:46:40",covid19UK,17
"2020-04-06 20:46:17",Syracuse,1
"2020-04-06 20:46:03",EuropeanUnion,2
"2020-04-06 20:45:59",ThoughtsAndPrayers,6
"2020-04-06 20:45:40",cornovirus,2
"2020-04-06 20:45:28",prayersforvic,1
"2020-04-06 20:44:30",Gop2012,4
"2020-04-06 20:44:30",NYCLockdown,2
"2020-04-06 20:44:30",Tcot,3
"2020-04-06 20:44:30",Tlot,3
"2020-04-06 20:44:30",viktorfrankl,1
"2020-04-06 20:43:46",Covid_19,696
"2020-04-06 20:43:23",virtualclassroom,1
"2020-04-06 20:42:28",MyCortland,4
"2020-04-06 20:41:54",Genesee,1
"2020-04-06 20:41:54",Orleans,1
"2020-04-06 20:41:35",Authors,1
"2020-04-06 20:41:35",journalists,1
"2020-04-06 20:40:56",trumpalosser,1
"2020-04-06 20:40:20",AllRise,1
"2020-04-06 20:39:56",BorisJohnson,45
"2020-04-06 20:39:08",medicalvideos,1
"2020-04-06 20:38:25",ConspiracyTheories,10
"2020-04-06 20:38:25",TiananmenSquare,10
"2020-04-06 20:38:25",twitter,11
"2020-04-06 20:37:54",JenniferNettles,1
"2020-04-06 20:34:55",metoo,1
"2020-04-06 20:34:31",facecovering,1
"2020-04-06 20:33:56",animating,1
"2020-04-06 20:33:56",DfVThinks,1
"2020-04-06 20:33:56",talking,1
"2020-04-06 20:33:41",FakePresident,2
"2020-04-06 20:33:33",morphebabe,1
"2020-04-06 20:32:25",recovery,1
"2020-04-06 20:32:25",survivalstories,1
"2020-04-06 20:31:20",BolsonaroInfectado,1
"2020-04-06 20:31:08",HRRThankYou,1
"2020-04-06 20:30:48",snapchatfilters,1
"2020-04-06 20:30:24",MyEverydaySuperPower,1
"2020-04-06 20:30:01",Passover,4
"2020-04-06 20:29:31",SOSDEMS,1
"2020-04-06 20:29:30",CheddarLive,2
"2020-04-06 20:29:26",kbnmoms,2
"2020-04-06 20:29:26",kids,4
"2020-04-06 20:27:44",killingUS,1
"2020-04-06 20:25:39",BannedVideo,2
"2020-04-06 20:25:27",BPatroitProud,2
"2020-04-06 20:25:27",iwantmyclassback,2
"2020-04-06 20:25:27",missingmystudents,2
"2020-04-06 20:25:27",spreadkindness,2
"2020-04-06 20:25:27",virtualhugs,2
"2020-04-06 20:25:27",WeAreBenFranklin,2
"2020-04-06 20:25:26",Yields,1
"2020-04-06 20:25:04",telehealthmarketing,1
"2020-04-06 20:24:52",edtech,2
"2020-04-06 20:24:52",Schools,1
"2020-04-06 20:24:06",marijuana,1
"2020-04-06 20:23:56",FamilyLaw,1
"2020-04-06 20:22:52",housingcrisis,1
"2020-04-06 20:22:07",geofeeds,4
"2020-04-06 20:21:32",Ant1news,47
"2020-04-06 20:21:13",giveaway,1
"2020-04-06 20:21:11",KellyClarksonShow,1
"2020-04-06 20:21:11",WhatImLiking,1
"2020-04-06 20:20:08",Cashappblessing,3
"2020-04-06 20:19:53",GoodbyeGates,11
"2020-04-06 20:19:30",Chicago,1
"2020-04-06 20:19:30",FallOutBoy,1
"2020-04-06 20:19:18",UnitedFaithsofAmerica,1
"2020-04-06 20:19:06",wewillsurvive,1
"2020-04-06 20:18:29",realestatetips,4
"2020-04-06 20:18:18",foodbank,1
"2020-04-06 20:17:35",browns,1
"2020-04-06 20:17:24",pophealth,1
"2020-04-06 20:17:06",MonroeCountyUpdate,1
"2020-04-06 20:17:05",COVID19hv,3
"2020-04-06 20:15:02",SafeVotingForWI,3
"2020-04-06 20:13:28",lupus,4
"2020-04-06 20:13:01",ScienceSundays,1
"2020-04-06 20:12:27",nyccoronavirus,2
"2020-04-06 20:11:30",financial,2
"2020-04-06 20:11:21",ZeroHedge,1
"2020-04-06 20:11:01",WhenThisIsAllOver,1
"2020-04-06 20:11:00",BreitbartNews,1
"2020-04-06 20:10:55",Constitution,1
"2020-04-06 20:10:55",EqualAccess,1
"2020-04-06 20:10:55",SocalDistancing,1
"2020-04-06 20:10:47",Bills,10
"2020-04-06 20:10:46",MasterChefGR,2
"2020-04-06 20:10:25",Barcelona,1
"2020-04-06 20:10:25",Besiktas,1
"2020-04-06 20:10:25",Fenerbahce,1
"2020-04-06 20:10:25",programming,4
"2020-04-06 20:10:25",RustuRecber,1
"2020-04-06 20:10:25",winner,1
"2020-04-06 20:10:23",WallStreet,5
"2020-04-06 20:10:10",allthethings,1
"2020-04-06 20:10:10",hometown,1
"2020-04-06 20:10:10",memories,1
"2020-04-06 20:10:10",outdoors,4
"2020-04-06 20:09:35",UK,10
"2020-04-06 20:09:28",OED,2
"2020-04-06 20:09:25",parentinginapandemic,3
"2020-04-06 20:08:38",sunnyc45,1
"2020-04-06 20:08:37",IndieBio,1
"2020-04-06 20:08:37",SOSV,1
"2020-04-06 20:07:44",AskAllTimeLow,1
"2020-04-06 20:07:36",hamilton,1
"2020-04-06 20:07:27",BottomTenState,1
"2020-04-06 20:07:27",TakeResponsibility,1
"2020-04-06 20:06:56",SayThankYou,2
"2020-04-06 20:06:46",JenniferLoveHewitt,1
"2020-04-06 20:05:07",ProudToBeRoma,1
"2020-04-06 20:05:07",Roma,1
"2020-04-06 20:05:07",Romani,1
"2020-04-06 20:03:30",charrisat,1
"2020-04-06 20:03:30",myminime,1
"2020-04-06 20:03:30",myniece,1
"2020-04-06 20:03:30",taylormade,1
"2020-04-06 20:02:09",EndTimes,9
"2020-04-06 20:02:09",Jews,9
"2020-04-06 20:02:09",religion,9
"2020-04-06 20:02:09",Zionism,9
"2020-04-06 20:01:40",Chloroquine,2
"2020-04-06 20:00:45",episcopal,1
"2020-04-06 20:00:45",episcopalbaby,1
"2020-04-06 20:00:45",episcopalchurch,1
"2020-04-06 20:00:45",episcopalian,1
"2020-04-06 20:00:45",GoodFriday,1
"2020-04-06 20:00:45",holyweek,2
"2020-04-06 20:00:45",lent,1
"2020-04-06 20:00:45",onlineworship,1
"2020-04-06 20:00:44",Investigadores,1
"2020-04-06 20:00:22",Japan,1
"2020-04-06 20:00:11",prisonerslivesmatter,1
"2020-04-06 20:00:09",twithaca,15
"2020-04-06 20:00:01",grateful,1
"2020-04-06 20:00:00",Justhanks,1
"2020-04-06 20:00:00",THANKSBLOCK,1
"2020-04-06 20:00:00",UnitedWeStand,2
"2020-04-06 19:59:19",finance,2
"2020-04-06 19:59:04",stars,1
"2020-04-06 19:57:53",idrossiclorochina,1
"2020-04-06 19:57:32",StopBeingStupid,1
"2020-04-06 19:57:21",κορωνοιος,6
"2020-04-06 19:57:05",AutismAcceptance,2
"2020-04-06 19:57:05",AutismAwareness,3
"2020-04-06 19:56:58",Vaccine,6
"2020-04-06 19:56:54",AllForOneandOneForAll,1
"2020-04-06 19:56:54",LoveThyNeighbor,1
"2020-04-06 19:56:38",Greece,65
"2020-04-06 19:56:38",Kos,1
"2020-04-06 19:56:18",ÚltimoMinuto,2
"2020-04-06 19:55:04",Memes,2
"2020-04-06 19:55:04",QuarantineMemes,2
"2020-04-06 19:55:04",Qurantine,1
"2020-04-06 19:54:58",IBelieveTara,1
"2020-04-06 19:54:58",JusticeForTara,1
"2020-04-06 19:54:30",COVID19USA,2
"2020-04-06 19:54:04",Car_Industry,1
"2020-04-06 19:53:45",cybersecurity,12
"2020-04-06 19:53:42",Podcast,6
"2020-04-06 19:53:16",Optimism,1
"2020-04-06 19:53:16",stocks,3
"2020-04-06 19:52:04",extradition,3
"2020-04-06 19:51:53",coding,1
"2020-04-06 19:51:53",digital,1
"2020-04-06 19:51:53",wellbeing,5
"2020-04-06 19:51:18",MedicareForAll,1
"2020-04-06 19:51:18",PassNYHealth,2
"2020-04-06 19:51:07",NewYorkCity,4
"2020-04-06 19:50:33",HenryKissinger,1
"2020-04-06 19:49:22",H2,1
"2020-04-06 19:49:22",Inmigracion,1
"2020-04-06 19:48:52",live,3
"2020-04-06 19:48:39",ConsumerDemand,1
"2020-04-06 19:48:29",InItTogether,3
"2020-04-06 19:48:01",onlineteaching,1
"2020-04-06 19:48:01",parent,1
"2020-04-06 19:46:21",Facts,2
"2020-04-06 19:46:20",Maryland,5
"2020-04-06 19:46:20",MDGA20,3
"2020-04-06 19:46:20",MDGA2020,3
"2020-04-06 19:46:20",MDPolitics,3
"2020-04-06 19:45:04",FBI,1
"2020-04-06 19:44:38",WyomingCounty,1
"2020-04-06 19:44:14",closures,3
"2020-04-06 19:44:14",DEC,4
"2020-04-06 19:44:14",fishing,3
"2020-04-06 19:44:14",hatchery,3
"2020-04-06 19:43:52",WritingCommnunity,1
"2020-04-06 19:43:14",RochesterNY,4
"2020-04-06 19:42:57",backboris,1
"2020-04-06 19:42:48",notmyvirus,1
"2020-04-06 19:42:43",introvert,2
"2020-04-06 19:42:23",ListenToTheExperts,1
"2020-04-06 19:42:23",trumplies,1
"2020-04-06 19:42:23",TrumpOwnsEveryDeath,2
"2020-04-06 19:41:00",Ethiopia,3
"2020-04-06 19:40:41",BRUH,1
"2020-04-06 19:39:50",BreakingNews,3
"2020-04-06 19:39:23",Cat,3
"2020-04-06 19:39:20",Covid_2019,1
"2020-04-06 19:39:18",Trumpdemic,2
"2020-04-06 19:39:00",healthcareworkers,6
"2020-04-06 19:37:54",Didier_Raoult,1
"2020-04-06 19:37:22",peace,8
"2020-04-06 19:37:14",WWIII,1
"2020-04-06 19:35:33",COVIDー19,37
"2020-04-06 19:35:24",ellenathome,1
"2020-04-06 19:35:24",weloveELLEN,1
"2020-04-06 19:35:02",CovidCon,5
"2020-04-06 19:34:24",petlandflorida,1
"2020-04-06 19:34:24",puppy,1
"2020-04-06 19:33:52",telehealth,5
"2020-04-06 19:33:44",CaregiversCount,1
"2020-04-06 19:33:44",ProtectAllWorkers,1
"2020-04-06 19:33:30",fliptheswitch,1
"2020-04-06 19:33:30",fuckcoronavirus,1
"2020-04-06 19:33:30",TotalRecall,3
"2020-04-06 19:33:02",coronoavirusoutbreak,2
"2020-04-06 19:33:02",Johnson,3
"2020-04-06 19:32:46",BoozAllen,3
"2020-04-06 19:32:19",playing,1
"2020-04-06 19:31:15",bdayinquarantine,1
"2020-04-06 19:31:15",dirtythirty,1
"2020-04-06 19:31:15",MyYouthDiedinQuarantine,1
"2020-04-06 19:31:15",WNY,4
"2020-04-06 19:31:11",Humor,3
"2020-04-06 19:30:55",StationID,1
"2020-04-06 19:30:54",dietculture,1
"2020-04-06 19:30:54",PleasurePrincipal,1
"2020-04-06 19:30:54",ramadan2020,1
"2020-04-06 19:30:54",vulnerability,1
"2020-04-06 19:30:00",harrypotter,1
"2020-04-06 19:30:00",trivia,1
"2020-04-06 19:30:00",WJSWhatsNow,1
"2020-04-06 19:28:55",CARESact,8
"2020-04-06 19:28:22",QueensSpeech,1
"2020-04-06 19:26:45",SALUTE,1
"2020-04-06 19:25:36",WendyWilliams,1
"2020-04-06 19:25:29",Clutch,1
"2020-04-06 19:25:19",prayersforBoris,1
"2020-04-06 19:24:35",OddCensusQuestions,3
"2020-04-06 19:24:25",WorksInMice,1
"2020-04-06 19:24:04",ASM,3
"2020-04-06 19:23:25",lies,3
"2020-04-06 19:23:08",Noto,1
"2020-04-06 19:22:17",COMM225,1
"2020-04-06 19:21:17",happyafternoon,1
"2020-04-06 19:21:17",loveyourself,1
"2020-04-06 19:20:57",loading,1
"2020-04-06 19:20:49",research,1
"2020-04-06 19:20:49",Science,1
"2020-04-06 19:20:07",confinement,1
"2020-04-06 19:20:07",CoronaMaison,1
"2020-04-06 19:19:56",BrightonNY,1
"2020-04-06 19:19:49",ClimateEmergency,5
"2020-04-06 19:17:44",immunocompromised,1
"2020-04-06 19:17:44",SaveLives,9
"2020-04-06 19:17:44",sclerodermaawarenes,1
"2020-04-06 19:17:01",NYSpurs,1
"2020-04-06 19:15:59",facemasks,3
"2020-04-06 19:15:27",CareerandLifeVision,2
"2020-04-06 19:13:39",6aprile,1
"2020-04-06 19:13:39",ottoemezzo,1
"2020-04-06 19:13:39",vaccino,1
"2020-04-06 19:13:39",virologi,1
"2020-04-06 19:13:28",BendTheCurve,1
"2020-04-06 19:12:42",farmworkers,1
"2020-04-06 19:12:38",AirPollution,5
"2020-04-06 19:12:38",AOD,5
"2020-04-06 19:12:38",India,15
"2020-04-06 19:12:38",lockdown,16
"2020-04-06 19:12:38",MODIS,5
"2020-04-06 19:11:48",GigaGen,1
"2020-04-06 19:11:34",Biotechnology,5
"2020-04-06 19:11:33",preservewildlands,1
"2020-04-06 19:11:33",preservewildlife,1
"2020-04-06 19:11:33",weneednature,1
"2020-04-06 19:10:28",gop,12
"2020-04-06 19:10:24",StargateAtlantis,1
"2020-04-06 19:09:58",CovidNYC,2
"2020-04-06 19:09:37",LockDownNigeria,2
"2020-04-06 19:09:37",nbc4ny,2
"2020-04-06 19:09:37",PressPlay,2
"2020-04-06 19:09:05",Preppers,1
"2020-04-06 19:07:50",Siracusa,2
"2020-04-06 19:06:48",BankofEngland,1
"2020-04-06 19:05:41",Tekashi69,1
"2020-04-06 19:05:02",communication,1
"2020-04-06 19:04:53",SixFeetSaves,4
"2020-04-06 19:04:26",Labor,1
"2020-04-06 19:04:25",boycottstaples,1
"2020-04-06 19:04:02",QuarantineCribs,1
"2020-04-06 19:03:49",StupidLove,1
"2020-04-06 19:03:35",Germany,4
"2020-04-06 19:02:43",COVID19,1974
"2020-04-06 19:02:38",nakedchallenge,1
"2020-04-06 19:02:27",Arab,1
"2020-04-06 19:02:27",uprisings,1
"2020-04-06 19:01:37",infectiousdiseases,1
"2020-04-06 19:01:37",NO,1
"2020-04-06 19:01:30",PaidMedia,1
"2020-04-06 19:01:29",inspirational,1
"2020-04-06 19:01:29",inspirationalquotes,1
"2020-04-06 19:01:29",positivevibes,1
"2020-04-06 19:01:04",Black,1
"2020-04-06 19:01:04",brown,1
"2020-04-06 19:00:34",programmingsoftw,1
"2020-04-06 19:00:28",Texas,1
"2020-04-06 19:00:28",worker,1
"2020-04-06 19:00:12",Alzheimers,1
"2020-04-06 18:59:57",NewYorkMinute,7
"2020-04-06 18:58:57",Conflict,1
"2020-04-06 18:58:26",PSA,4
"2020-04-06 18:58:26",Wuhan,5
"2020-04-06 18:58:26",WuhanCoronaVirus,2
"2020-04-06 18:58:13",mondayfeeling,1
"2020-04-06 18:56:58",SCOTUS,3
"2020-04-06 18:56:12",Panathinaikos,1
"2020-04-06 18:54:52",darwinism,1
"2020-04-06 18:54:43",media,1
"2020-04-06 18:53:18",autismspeaks,1
"2020-04-06 18:53:00",corpgov,1
"2020-04-06 18:53:00",shareholderactivism,1
"2020-04-06 18:51:53",FEDUP,1
"2020-04-06 18:51:33",MichaelTyson,5
"2020-04-06 18:50:16",ChinaPneumonia,94
"2020-04-06 18:50:16",WuhanPneumonia,45
"2020-04-06 18:50:16",健康蘋道,54
"2020-04-06 18:49:59",OustDuterte2020,6
"2020-04-06 18:49:51",buffalony,1
"2020-04-06 18:49:51",igdaily,1
"2020-04-06 18:49:51",picoftheday,2
"2020-04-06 18:48:53",homemademasks,4
"2020-04-06 18:46:40",FoxBusiness,9
"2020-04-06 18:46:01",ThomasModly,1
"2020-04-06 18:45:04",bigcat,2
"2020-04-06 18:45:04",tigers,2
"2020-04-06 18:45:01",Coronakrise,1
"2020-04-06 18:43:24",ClapBecauseWeCare,1
"2020-04-06 18:42:34",AOC,1
"2020-04-06 18:42:34",Fear,1
"2020-04-06 18:39:03",TigerPride,2
"2020-04-06 18:39:00",Hahaha,2
"2020-04-06 18:39:00",LockdownGainesville,2
"2020-04-06 18:38:23",menoumespiti,3
"2020-04-06 18:38:00",SBA,2
"2020-04-06 18:37:38",NFLDraft,4
"2020-04-06 18:37:38",realtalkcoronahere,1
"2020-04-06 18:37:38",StayConnected,6
"2020-04-06 18:37:28",DeadMilkmen,1
"2020-04-06 18:37:26",NewJersey,2
"2020-04-06 18:37:25",IMVU,1
"2020-04-06 18:35:39",birth,1
"2020-04-06 18:35:29",italystaystrong,1
"2020-04-06 18:34:53",Louisianapastor,1
"2020-04-06 18:34:53",Murderer,1
"2020-04-06 18:33:38",Crozier,10
"2020-04-06 18:33:28",lawenforcement,3
"2020-04-06 18:33:28",response,1
"2020-04-06 18:33:28",services,1
"2020-04-06 18:32:59",circulareconomy,1
"2020-04-06 18:32:59",wastemanagement,1
"2020-04-06 18:32:34",gh,1
"2020-04-06 18:32:27",MiLB,1
"2020-04-06 18:32:27",Yankees,2
"2020-04-06 18:31:34",funnyshit,1
"2020-04-06 18:31:34",joke,1
"2020-04-06 18:31:34",sillygirl,1
"2020-04-06 18:31:34",standup,1
"2020-04-06 18:31:11",DearMrPresident,10
"2020-04-06 18:30:15",coronacation,1
"2020-04-06 18:30:11",chile,3
"2020-04-06 18:30:11",Santiago,2
"2020-04-06 18:29:54",SantiagodeChile,1
"2020-04-06 18:28:54",insurancefraud,1
"2020-04-06 18:28:38",peakweek,1
"2020-04-06 18:28:21",DAYS,2
"2020-04-06 18:27:30",Poland,1
"2020-04-06 18:27:16",Erie,1
"2020-04-06 18:26:37",FoxNews,42
"2020-04-06 18:25:36",hugZz,2
"2020-04-06 18:25:02",Brooklyn,1
"2020-04-06 18:25:02",photo,1
"2020-04-06 18:25:02",photography,1
"2020-04-06 18:25:02",PhotoOfTheDay,1
"2020-04-06 18:25:02",pic,1
"2020-04-06 18:24:13",ArtificialIntelligence,1
"2020-04-06 18:24:13",fintech,1
"2020-04-06 18:24:08",Moria,2
"2020-04-06 18:24:02",animals,3
"2020-04-06 18:24:02",coronapocolypse,3
"2020-04-06 18:24:02",holistichealth,1
"2020-04-06 18:24:02",naturalhealth,1
"2020-04-06 18:24:01",LivingRoomConversations,1
"2020-04-06 18:20:26",IransAngels,2
"2020-04-06 18:19:37",masksforall,1
"2020-04-06 18:19:22",coronarvirus,1
"2020-04-06 18:19:22",coronaviruschina,1
"2020-04-06 18:18:13",HangInThereFriends,1
"2020-04-06 18:17:47",Arts,2
"2020-04-06 18:17:47",ArtsEd,2
"2020-04-06 18:17:47",medicine,2
"2020-04-06 18:17:47",MusEd,2
"2020-04-06 18:17:47",pandemics,3
"2020-04-06 18:17:35",ccp,17
"2020-04-06 18:17:35",WHO,4
"2020-04-06 18:17:02",Horror,1
"2020-04-06 18:16:55",rhodeisland,4
"2020-04-06 18:16:46",GunCrazy,1
"2020-04-06 18:16:33",freethemall4publichealth,1
"2020-04-06 18:15:54",NuevaYork,1
"2020-04-06 18:13:58",OpenForTakeout,5
"2020-04-06 18:13:32",thisis2020,1
"2020-04-06 18:12:16",Tobago,1
"2020-04-06 18:12:16",Trinidad,1
"2020-04-06 18:11:35",thankyoudoctors,1
"2020-04-06 18:11:25",TodaysMood,1
"2020-04-06 18:11:25",απαγορευση_κυκλοφοριας,4
"2020-04-06 18:11:18",cuomo2020,1
"2020-04-06 18:11:18",statistics101,1
"2020-04-06 18:10:57",Zinc,1
"2020-04-06 18:10:39",NYKicksCoronavirus,2
"2020-04-06 18:10:15",investment,1
"2020-04-06 18:09:53",highrisk,1
"2020-04-06 18:08:47",Medicaid,1
"2020-04-06 18:07:47",Hoboken,6
"2020-04-06 18:07:47",jerseycity,2
"2020-04-06 18:07:33",instructionaldesignlady,1
"2020-04-06 18:06:55",ScamAlert,1
"2020-04-06 18:06:55",YonkersPD,1
"2020-04-06 18:06:19",1511WeCanRobot,4
"2020-04-06 18:06:00",fitness,1
"2020-04-06 18:04:47",AAGVirtual,1
"2020-04-06 18:04:23",MentalHealthResources,2
"2020-04-06 18:03:33",WSJWhatsNow,1
"2020-04-06 18:03:08",nyk,1
"2020-04-06 18:02:20",SindhGovt,1
"2020-04-06 18:02:06",Xijinping,1
"2020-04-06 18:01:41",inclusion,1
"2020-04-06 18:01:41",Sport,1
"2020-04-06 18:01:28",fightCOVID,1
"2020-04-06 18:01:28",internationalmedicalcorps,1
"2020-04-06 18:01:28",jnj,1
"2020-04-06 18:00:56",syracuseu,2
"2020-04-06 18:00:23",Medical,3
"2020-04-06 18:00:01",Arabic,1
"2020-04-06 18:00:01",ArtJameel,1
"2020-04-06 18:00:01",Children,1
"2020-04-06 18:00:01",English,1
"2020-04-06 18:00:01",kidlit,1
"2020-04-06 18:00:01",kidlitquarantine,1
"2020-04-06 18:00:00",Lecturas,1
"2020-04-06 17:59:30",TakeoutTuesday,1
"2020-04-06 17:59:30",TakeYourselfHome,1
"2020-04-06 17:59:01",comedy,4
"2020-04-06 17:59:01",jokes,1
"2020-04-06 17:59:01",whiteclaw,1
"2020-04-06 17:57:59",SaveCDPA,1
"2020-04-06 17:57:55",VoteByMail,6
"2020-04-06 17:56:04",Covid_19Quacks,1
"2020-04-06 17:56:04",TrumpIsNotADoctor,1
"2020-04-06 17:55:21",EmolumentsClause,1
"2020-04-06 17:55:07",hatersgonnahate,4
"2020-04-06 17:55:07",wearmasks,1
"2020-04-06 17:54:45",njc,1
"2020-04-06 17:54:18",Economic,4
"2020-04-06 17:52:29",AmericanIdol,1
"2020-04-06 17:52:20",PCMag,1
"2020-04-06 17:51:42",coachelladoc,1
"2020-04-06 17:51:34",ChinaSucks,1
"2020-04-06 17:50:02",Niagara,2
"2020-04-06 17:50:00",HealthInsurance,1
"2020-04-06 17:48:54",motivation,3
"2020-04-06 17:47:07",BeSmart,1
"2020-04-06 17:47:07",BeWell,1
"2020-04-06 17:46:15",domesticviolence,3
"2020-04-06 17:46:15",stoptheviolence,1
"2020-04-06 17:46:03",AmericaStrong,2
"2020-04-06 17:46:03",Brave,2
"2020-04-06 17:46:03",donate,2
"2020-04-06 17:46:03",FuckCovid19,2
"2020-04-06 17:45:00",italia,1
"2020-04-06 17:43:58",larrykudlow,1
"2020-04-06 17:43:35",hiphop,2
"2020-04-06 17:43:35",Streetwear,1
"2020-04-06 17:43:10",makingadifference,1
"2020-04-06 17:43:10",mentalhealth,10
"2020-04-06 17:43:10",teens,1
"2020-04-06 17:42:38",CHAM,1
"2020-04-06 17:42:38",huddle,1
"2020-04-06 17:42:38",Teamwork,1
"2020-04-06 17:42:28",painting,3
"2020-04-06 17:42:28",watercolor,1
"2020-04-06 17:42:25",MezaYaBusara,1
"2020-04-06 17:42:06",Democrats,3
"2020-04-06 17:42:06",Trump2020,7
"2020-04-06 17:41:40",NYCstrong,2
"2020-04-06 17:41:38",chronoTrigger,1
"2020-04-06 17:41:38",Speedrun,1
"2020-04-06 17:41:16",cybercriminals,1
"2020-04-06 17:40:44",SpesaSospesa,1
"2020-04-06 17:40:40",division2,2
"2020-04-06 17:40:28",compassionate,1
"2020-04-06 17:40:28",starlink,1
"2020-04-06 17:40:15",TransDayOfVisibility,1
"2020-04-06 17:38:25",manicure,1
"2020-04-06 17:37:25",Day11ofLockdown,1
"2020-04-06 17:37:25",IsolationLife,1
"2020-04-06 17:37:25",NewYorkStrong,1
"2020-04-06 17:36:58",WarOnCovid,1
"2020-04-06 17:36:51",AloneTogether,9
"2020-04-06 17:36:51",outlawleadership,1
"2020-04-06 17:35:51",Law,3
"2020-04-06 17:35:04",healthplan,1
"2020-04-06 17:34:44",weezer,1
"2020-04-06 17:34:31",streetphotography,1
"2020-04-06 17:34:23",benedictcumberbatch,1
"2020-04-06 17:33:13",EatDrinkRI,3
"2020-04-06 17:32:43",XWA,1
"2020-04-06 17:32:36",CaptainBrettCrozier,2
"2020-04-06 17:32:36",CaptainCrozier,1
"2020-04-06 17:32:36",Modley,1
"2020-04-06 17:32:36",navy,1
"2020-04-06 17:32:20",WomensHealth,2
"2020-04-06 17:32:17",sadboikindaday,1
"2020-04-06 17:31:47",TableTennis,1
"2020-04-06 17:30:23",Aviation,1
"2020-04-06 17:30:23",Europe,2
"2020-04-06 17:30:17",entrepreneur,1
"2020-04-06 17:30:06",mom,1
"2020-04-06 17:29:40",FLASH,9
"2020-04-06 17:28:53",Cornell,1
"2020-04-06 17:28:17",Long,2
"2020-04-06 17:28:17",MSFT,2
"2020-04-06 17:27:59",MarchSadness,1
"2020-04-06 17:27:53",CreativePeople,1
"2020-04-06 17:26:46",ALPolitics,3
"2020-04-06 17:26:45",DataCenter,3
"2020-04-06 17:25:02",OOOPodcast,1
"2020-04-06 17:23:56",MasksNow,1
"2020-04-06 17:23:48",ColoringFromHome,1
"2020-04-06 17:23:10",USPS,1
"2020-04-06 17:22:49",AskMelandTodd,1
"2020-04-06 17:22:35",LastShift2020,1
"2020-04-06 17:22:09",SocialSecurityBenefits,1
"2020-04-06 17:21:14",NationalStudentAthleteDay,1
"2020-04-06 17:21:13",instakidlit,1
"2020-04-06 17:21:11",Liftedasf,3
"2020-04-06 17:21:11",Mmemberville,3
"2020-04-06 17:21:11",StonerFam,3
"2020-04-06 17:19:11",BonzHappyDays,8
"2020-04-06 17:18:26",YOUAREBADFORAMERICA,9
"2020-04-06 17:18:22",fortnite,4
"2020-04-06 17:18:22",gamer,5
"2020-04-06 17:18:22",warzone,4
"2020-04-06 17:18:22",Warzoneclips,4
"2020-04-06 17:17:51",plutoretrograde,1
"2020-04-06 17:17:06",CNNisFakeNews,1
"2020-04-06 17:16:14",Community,5
"2020-04-06 17:16:03",consumerbehavior,1
"2020-04-06 17:16:03",marketingspend,1
"2020-04-06 17:15:30",VideoConferenceSongs,2
"2020-04-06 17:15:19",hammock,1
"2020-04-06 17:15:19",naptime,1
"2020-04-06 17:14:23",PfizerFdn,1
"2020-04-06 17:14:12",CodeTheCurve,1
"2020-04-06 17:14:12",IBM,1
"2020-04-06 17:13:36",HairlinesAcrossAmerica,1
"2020-04-06 17:13:24",stimulus,4
"2020-04-06 17:13:24",voteblue,7
"2020-04-06 17:12:44",HearHim,1
"2020-04-06 17:11:37",cuomobriefing,1
"2020-04-06 17:11:36",WHWWeek,1
"2020-04-06 17:10:48",Asian,1
"2020-04-06 17:10:48",girls,1
"2020-04-06 17:10:48",HateCrime,1
"2020-04-06 17:10:48",NYPD,1
"2020-04-06 17:10:37",quaRUNtine,1
"2020-04-06 17:10:23",COVIDIDIOT,1
"2020-04-06 17:10:23",failure,1
"2020-04-06 17:10:11",zoom,4
"2020-04-06 17:08:58",BulldogPride,2
"2020-04-06 17:06:40",ACES,1
"2020-04-06 17:06:40",BeTheOne,2
"2020-04-06 17:05:54",adamwest,1
"2020-04-06 17:05:54",hellriders,1
"2020-04-06 17:05:54",reneeharmon,1
"2020-04-06 17:05:54",tinalouise,1
"2020-04-06 17:05:52",AARPRI,1
"2020-04-06 17:05:49",FL,1
"2020-04-06 17:05:30",BOAShortFictionPrize,1
"2020-04-06 17:04:55",koronoios,3
"2020-04-06 17:01:58",tesla,1
"2020-04-06 17:01:35",Buddhism,1
"2020-04-06 17:01:35",NYCBuddhism,1
"2020-04-06 17:01:23",infodemic,1
"2020-04-06 17:01:08",ΕνημερωνόμαστεκαιΠροστατευόμαστε,2
"2020-04-06 17:01:02",hiking,1
"2020-04-06 17:01:02",KaaterskillFalls,1
"2020-04-06 17:01:01",StartTalkingAL,1
"2020-04-06 17:00:30",NoAlAislamientoInteligente,1
"2020-04-06 16:59:08",HelpingHands,1
"2020-04-06 16:59:08",MondayMotivaton,1
"2020-04-06 16:58:37",hr,3
"2020-04-06 16:57:29",coronamemes,16
"2020-04-06 16:57:29",FairyTaleTuesday,16
"2020-04-06 16:57:29",MythologyMonday,16
"2020-04-06 16:57:21",Faith,2
"2020-04-06 16:57:02",physicaldistancing,1
"2020-04-06 16:56:10",FoxNewsLies,1
"2020-04-06 16:56:10",Lawsuit,1
"2020-04-06 16:56:10",WashingtonState,1
"2020-04-06 16:56:06",dontburnthisbook,1
"2020-04-06 16:55:11",retail,2
"2020-04-06 16:55:02",Holyoke,3
"2020-04-06 16:54:00",als,1
"2020-04-06 16:53:48",RENTRELIEF,1
"2020-04-06 16:53:37",Bergamo,4
"2020-04-06 16:53:37",Italy,7
"2020-04-06 16:53:37",Russian,4
"2020-04-06 16:53:26",ItsWorking,1
"2020-04-06 16:48:04",DJJustRoc,1
"2020-04-06 16:48:04",djjustrocvibes,1
"2020-04-06 16:46:32",Gloves,1
"2020-04-06 16:46:17",AnimalCrossingNewHorizons,2
"2020-04-06 16:46:01",COVID19greece,1
"2020-04-06 16:45:26",Connecticut,1
"2020-04-06 16:45:22",dogsofquarantine,1
"2020-04-06 16:43:44",inTheBronx,1
"2020-04-06 16:43:13",NYCFoodPolicy,2
"2020-04-06 16:43:12",ventilator,3
"2020-04-06 16:42:42",GlassCannonLive,1
"2020-04-06 16:42:42",StrangeAeons,1
"2020-04-06 16:42:10",BloodDrive,1
"2020-04-06 16:41:51",NYTimes,1
"2020-04-06 16:41:18",ABCNEWS,1
"2020-04-06 16:41:18",CBSNews,1
"2020-04-06 16:41:18",NY,10
"2020-04-06 16:38:26",Update,17
"2020-04-06 16:36:54",Michigan,2
"2020-04-06 16:36:54",peopleofcolor,2
"2020-04-06 16:36:21",kidsactivities,2
"2020-04-06 16:36:21",kidsathome,2
"2020-04-06 16:36:02",incognito,1
"2020-04-06 16:35:47",cancer,3
"2020-04-06 16:35:38",fundthefrontlines,1
"2020-04-06 16:34:45",FWCWeather,1
"2020-04-06 16:34:45",WEATHER,1
"2020-04-06 16:33:34",LiberateAndChill,7
"2020-04-06 16:33:20",eabreuvisuals,1
"2020-04-06 16:33:07",nonprofits,2
"2020-04-06 16:32:50",NEW,11
"2020-04-06 16:32:38",hootersniagara,1
"2020-04-06 16:32:38",hooterstakeout,1
"2020-04-06 16:32:38",hooterstogo,1
"2020-04-06 16:31:21",bored,1
"2020-04-06 16:31:21",instadaily,1
"2020-04-06 16:31:21",instafunny,1
"2020-04-06 16:31:17",2019新型冠狀病毒,72
"2020-04-06 16:31:17",apple,4
"2020-04-06 16:31:17",appledaily,54
"2020-04-06 16:31:17",appledailytw,54
"2020-04-06 16:31:17",蘋果新聞網,54
"2020-04-06 16:30:56",isolation,1
"2020-04-06 16:30:56",mvp,1
"2020-04-06 16:30:56",TP,1
"2020-04-06 16:30:08",Stress,2
"2020-04-06 16:30:04",Trump,135
"2020-04-06 16:29:28",QuarantineAJamesBondFilm,1
"2020-04-06 16:29:14",musicdiscovery,1
"2020-04-06 16:29:14",musicnews,1
"2020-04-06 16:29:14",newmusicmonday,1
"2020-04-06 16:29:14",presave,1
"2020-04-06 16:29:14",spotify,1
"2020-04-06 16:29:05",Massachusetts,1
"2020-04-06 16:28:54",consumerism,1
"2020-04-06 16:28:19",gouachepainting,1
"2020-04-06 16:28:12",mondayblogs,3
"2020-04-06 16:28:09",USNS_COMFORT,1
"2020-04-06 16:27:43",3dmodeling,22
"2020-04-06 16:27:43",visualization,22
"2020-04-06 16:27:35",bono,1
"2020-04-06 16:27:35",u2,1
"2020-04-06 16:26:55",Workers,1
"2020-04-06 16:25:54",PressFreedom,1
"2020-04-06 16:25:31",TrumpResign,1
"2020-04-06 16:22:38",Austria,1
"2020-04-06 16:22:38",EU,1
"2020-04-06 16:22:38",NYGovCuomo,1
"2020-04-06 16:21:39",5sos,6
"2020-04-06 16:20:19",Nota,2
"2020-04-06 16:20:09",dogsarelove,1
"2020-04-06 16:20:09",homeoffice,1
"2020-04-06 16:20:09",readyforanychallenge,1
"2020-04-06 16:20:09",remoteworking,1
"2020-04-06 16:20:09",SuffolkCounty,1
"2020-04-06 16:20:09",teamgoals,1
"2020-04-06 16:20:09",wegotthis,1
"2020-04-06 16:20:06",forrent,1
"2020-04-06 16:20:06",househunting,1
"2020-04-06 16:20:06",rochesterrealestate,1
"2020-04-06 16:20:06",weichert,1
"2020-04-06 16:20:06",weichertlilac,1
"2020-04-06 16:20:06",weichertrealtors,1
"2020-04-06 16:20:05",coronavirusuk,1
"2020-04-06 16:18:21",70DaysOfDenial,5
"2020-04-06 16:17:29",Cuomopresser,1
"2020-04-06 16:17:29",HospitalSystem,1
"2020-04-06 16:17:29",JAvits,1
"2020-04-06 16:17:21",3Dprinting,8
"2020-04-06 16:17:21",project_shields,1
"2020-04-06 16:17:21",volunteers,1
"2020-04-06 16:17:06",MentalHealthAwareness,2
"2020-04-06 16:17:06",NPHW,1
"2020-04-06 16:17:04",improv,1
"2020-04-06 16:17:04",poem,2
"2020-04-06 16:16:57",Tourism,7
"2020-04-06 16:16:56",gaga,1
"2020-04-06 16:16:56",ladygaga,2
"2020-04-06 16:16:30",DACA,4
"2020-04-06 16:16:08",Career,2
"2020-04-06 16:16:08",drama,1
"2020-04-06 16:16:08",happy,1
"2020-04-06 16:16:08",healthandfitness,1
"2020-04-06 16:16:08",healthandwellness,1
"2020-04-06 16:16:08",selflove,1
"2020-04-06 16:16:08",Weareinthistogether,1
"2020-04-06 16:15:45",Elxis,3
"2020-04-06 16:14:25",prevention,1
"2020-04-06 16:13:55",Chinese,2
"2020-04-06 16:13:55",Communists,1
"2020-04-06 16:13:55",F,1
"2020-04-06 16:13:47",TDS,3
"2020-04-06 16:13:06",CancelRent,1
"2020-04-06 16:13:06",HouseTheHomeless,1
"2020-04-06 16:13:06",rentstrike,1
"2020-04-06 16:13:06",ROCny,1
"2020-04-06 16:13:06",rona,1
"2020-04-06 16:12:45",idpol,2
"2020-04-06 16:12:30",Dancing,1
"2020-04-06 16:12:30",monday,10
"2020-04-06 16:12:30",mottelandbabyshakes,1
"2020-04-06 16:12:10",Resource,1
"2020-04-06 16:12:10",Weekly,1
"2020-04-06 16:10:39",Propaganda,2
"2020-04-06 16:09:56",disinformation,1
"2020-04-06 16:09:26",NYUPDATE,1
"2020-04-06 16:09:00",BeBest,1
"2020-04-06 16:08:28",earth,2
"2020-04-06 16:08:28",flatearth,2
"2020-04-06 16:08:28",space,2
"2020-04-06 16:08:28",UFO,2
"2020-04-06 16:08:28",webcomic,1
"2020-04-06 16:08:20",DrugDevelopment,1
"2020-04-06 16:08:20",HAPPENINGNOW,1
"2020-04-06 16:08:20",SARS_COV_2,1
"2020-04-06 16:07:38",μενουμεστοσπιτι,2
"2020-04-06 16:07:38",τσιόδρας,3
"2020-04-06 16:06:14",HumanityFirst,2
"2020-04-06 16:06:14",YangGang,2
"2020-04-06 16:05:46",inourhands,1
"2020-04-06 16:05:40",LGBTQuarantine,1
"2020-04-06 16:05:40",MondayMorning,23
"2020-04-06 16:05:35",GetMePPE,1
"2020-04-06 16:05:35",youstayathome,1
"2020-04-06 16:05:24",wearyourmask,2
"2020-04-06 16:04:50",AbortoEsEsencial,2
"2020-04-06 16:04:20",TrumpIsTheWORSTPresidentEVER,7
"2020-04-06 16:04:01",restaurant,2
"2020-04-06 16:03:51",1U,4
"2020-04-06 16:03:51",solidarity,3
"2020-04-06 16:03:51",Unions,4
"2020-04-06 16:03:14",bonds,1
"2020-04-06 16:03:14",equities,1
"2020-04-06 16:03:14",multilateral,1
"2020-04-06 16:02:06",Curlilinks,1
"2020-04-06 16:02:02",sixt,2
"2020-04-06 16:02:02",sixtgr,1
"2020-04-06 16:02:00",BohemianLook,1
"2020-04-06 16:02:00",BohoChic,1
"2020-04-06 16:02:00",grunge,1
"2020-04-06 16:02:00",HowToStyle,1
"2020-04-06 16:02:00",StyleInspiration,1
"2020-04-06 16:02:00",Trendsetter,1
"2020-04-06 16:02:00",Trendy,1
"2020-04-06 16:02:00",vintage,1
"2020-04-06 16:01:59",Carlsagan,1
"2020-04-06 16:01:59",humanvirus,1
"2020-04-06 16:01:37",ChinaBioWeapon,1
"2020-04-06 16:01:18",localfood,1
"2020-04-06 16:01:18",MapleSugaring,1
"2020-04-06 16:01:18",MapleTrees,1
"2020-04-06 16:01:18",nature,1
"2020-04-06 16:01:18",wine,1
"2020-04-06 16:00:37",AprilFoolsDay,4
"2020-04-06 16:00:14",beautifulburgerbuns,1
"2020-04-06 16:00:02",cancelled,1
"2020-04-06 16:00:00",Allergy,1
"2020-04-06 16:00:00",HayFever,1
"2020-04-06 16:00:00",PollenSeason,1
"2020-04-06 15:59:33",leases,1
"2020-04-06 15:59:33",property,1
"2020-04-06 15:57:40",Matzav,1
"2020-04-06 15:57:37",bruninailsit,3
"2020-04-06 15:57:05",stream,1
"2020-04-06 15:57:05",Xbox,1
"2020-04-06 15:55:53",dataprotection,2
"2020-04-06 15:55:51",feedly,5
"2020-04-06 15:55:51",local,3
"2020-04-06 15:55:32",TheMasters,1
"2020-04-06 15:55:02",nhpolitics,2
"2020-04-06 15:55:02",VoteBlueToEndThisNightmare,2
"2020-04-06 15:54:29",CovidCantStopGOOD,1
"2020-04-06 15:54:29",fundraising,1
"2020-04-06 15:54:03",COVD19,1
"2020-04-06 15:53:49",internship,1
"2020-04-06 15:53:49",publichealth,3
"2020-04-06 15:53:38",TrumpPlague,1
"2020-04-06 15:53:16",RemoveTrumpToday,1
"2020-04-06 15:52:35",viceacademy2,1
"2020-04-06 15:52:28",PencilNeck,1
"2020-04-06 15:50:08",LeadershipTuesdays,1
"2020-04-06 15:49:29",sayftychat,2
"2020-04-06 15:48:11",AloneTogther,1
"2020-04-06 15:46:58",SDR,1
"2020-04-06 15:46:25",BlackResponse,1
"2020-04-06 15:45:06",Firefighters,2
"2020-04-06 15:45:06",IAFF,2
"2020-04-06 15:44:38",coronadeniers,1
"2020-04-06 15:43:44",HealthCommissioner,1
"2020-04-06 15:43:18",NursesAreHeroes,1
"2020-04-06 15:43:18",NYC,51
"2020-04-06 15:43:09",IbelieveFauci,1
"2020-04-06 15:42:32",AdaptacionesRazonables,1
"2020-04-06 15:42:32",Trabajo,1
"2020-04-06 15:42:06",AmazonPrime,1
"2020-04-06 15:42:06",Kaiju,1
"2020-04-06 15:41:49",meat,2
"2020-04-06 15:41:02",Zoo,1
"2020-04-06 15:40:53",beagle,1
"2020-04-06 15:39:44",OnABrighterNote,1
"2020-04-06 15:39:33",pickmeup,1
"2020-04-06 15:39:20",MurdererInChief,1
"2020-04-06 15:38:50",RedCross,2
"2020-04-06 15:38:48",TrumpNowMoreThanEver,1
"2020-04-06 15:37:42",BirdBox,1
"2020-04-06 15:37:42",ClubQuarantine,1
"2020-04-06 15:37:04",ConfinementJour21,2
"2020-04-06 15:36:26",distancelearning,1
"2020-04-06 15:35:54",PPP,2
"2020-04-06 15:35:30",2020Census,1
"2020-04-06 15:34:55",Farmworker,1
"2020-04-06 15:34:45",somethingtodo,1
"2020-04-06 15:34:45",StayHomeStaySane,1
"2020-04-06 15:34:08",commerce,1
"2020-04-06 15:34:08",D2C,1
"2020-04-06 15:34:08",ecommerce,1
"2020-04-06 15:33:32",staylocal,1
"2020-04-06 15:33:24",RemoveTedros,1
"2020-04-06 15:31:54",cannabisindustry,1
"2020-04-06 15:31:23",innovation,1
"2020-04-06 15:30:40",Vir,1
"2020-04-06 15:30:40",WuXiBiologics,1
"2020-04-06 15:28:52",catsofinstagram,1
"2020-04-06 15:28:42",Ads,1
"2020-04-06 15:28:42",TV,1
"2020-04-06 15:28:20",extremeownership,1
"2020-04-06 15:28:20",whatareyougoingtodoaboutit,1
"2020-04-06 15:27:10",NFP,2
"2020-04-06 15:27:10",nonprofit,2
"2020-04-06 15:27:03",MundyCakes,4
"2020-04-06 15:26:54",DADDYDAYKARE,1
"2020-04-06 15:26:53",covid19research,2
"2020-04-06 15:26:01",HearstVentures,1
"2020-04-06 15:25:30",Switzerland,2
"2020-04-06 15:25:10",technology,7
"2020-04-06 15:25:10",Travelport,2
"2020-04-06 15:24:17",celafaremo,1
"2020-04-06 15:24:17",iostoacasa,1
"2020-04-06 15:23:25",Boom,1
"2020-04-06 15:23:25",coronavirusready,1
"2020-04-06 15:23:25",SocialMediaIsFuckinYaLivesUp,1
"2020-04-06 15:23:25",Uff,1
"2020-04-06 15:22:48",Refunds,1
"2020-04-06 15:22:08",CaroleBaskin,1
"2020-04-06 15:22:08",CaroleKilledHerHusband,1
"2020-04-06 15:21:57",Topbuzz,2
"2020-04-06 15:21:22",CCSaintsSpirit,1
"2020-04-06 15:18:19",Top5Papers,1
"2020-04-06 15:17:42",LeastShockingHeadlines,5
"2020-04-06 15:17:38",Beijing,1
"2020-04-06 15:17:00",españa,1
"2020-04-06 15:16:55",Catholic,1
"2020-04-06 15:16:55",Catholics,1
"2020-04-06 15:16:55",Christian,1
"2020-04-06 15:16:55",Christians,3
"2020-04-06 15:16:55",jesus,1
"2020-04-06 15:16:11",adults,1
"2020-04-06 15:15:16",biomass,1
"2020-04-06 15:15:16",burning,1
"2020-04-06 15:15:16",fire,2
"2020-04-06 15:15:16",smoke,1
"2020-04-06 15:14:14",SARSCoV19,1
"2020-04-06 15:14:00",コロナウイルス,2
"2020-04-06 15:13:31",Americans,2
"2020-04-06 15:13:31",heros,2
"2020-04-06 15:11:46",Healing,2
"2020-04-06 15:11:37",DailyVoice,1
"2020-04-06 15:11:08",VoteGOPOUT,1
"2020-04-06 15:10:23",nutrition,1
"2020-04-06 15:10:23",OBSM,1
"2020-04-06 15:10:23",VSG,1
"2020-04-06 15:09:41",blackboy,1
"2020-04-06 15:09:41",blacklove,1
"2020-04-06 15:09:41",firsthome,1
"2020-04-06 15:09:41",gay,1
"2020-04-06 15:09:41",inspiration,1
"2020-04-06 15:09:41",relationship,1
"2020-04-06 15:09:41",success,1
"2020-04-06 15:09:20",Caps,1
"2020-04-06 15:09:16",jobs,4
"2020-04-06 15:09:16",polls,1
"2020-04-06 15:08:52",trading,1
"2020-04-06 15:08:20",beds,1
"2020-04-06 15:07:20",newalbum,1
"2020-04-06 15:07:20",wurmenai,1
"2020-04-06 15:07:16",StopTheSpread,12
"2020-04-06 15:07:02",Wegmans,1
"2020-04-06 15:05:42",Cyclone,1
"2020-04-06 15:04:45",etsy,1
"2020-04-06 15:04:45",NancyEllenStudios,1
"2020-04-06 15:04:36",BackToWork,2
"2020-04-06 15:04:35",economists,1
"2020-04-06 15:04:02",AskAmy,2
"2020-04-06 15:03:28",Boston,1
"2020-04-06 15:03:28",CityofBoston,1
"2020-04-06 15:02:55",PhysicianAssistants,1
"2020-04-06 15:02:20",Control,1
"2020-04-06 15:02:20",Loss,1
"2020-04-06 15:02:20",ROULETTE,1
"2020-04-06 15:02:20",Technological,1
"2020-04-06 15:02:07",StayHomeNiagara,1
"2020-04-06 15:02:07",StayHomeNOTL,1
"2020-04-06 15:01:52",PressConference,1
"2020-04-06 15:01:43",remotework,1
"2020-04-06 15:01:13",Masks4AllUSA,1
"2020-04-06 15:00:37",explore,1
"2020-04-06 15:00:37",victorberrios,1
"2020-04-06 15:00:00",droneinnovation,1
"2020-04-06 15:00:00",drones,1
"2020-04-06 15:00:00",podcasts,1
"2020-04-06 14:59:46",ACAwesome,2
"2020-04-06 14:59:31",MotherEarthDay,1
"2020-04-06 14:58:50",woodenspoon,1
"2020-04-06 14:58:49",desertlocusts,1
"2020-04-06 14:58:18",Hospitals,1
"2020-04-06 14:58:18",illness,1
"2020-04-06 14:58:10",CriticalRole,1
"2020-04-06 14:58:10",season2,1
"2020-04-06 14:57:50",blackmaternalhealthweek,1
"2020-04-06 14:57:50",NationalPublicHealthWeek,2
"2020-04-06 14:57:50",whypublichealthmatters,1
"2020-04-06 14:56:29",infections,1
"2020-04-06 14:56:29",SundayTODAY,6
"2020-04-06 14:56:15",SCAMS,1
"2020-04-06 14:54:50",undercounting,1
"2020-04-06 14:54:17",GreenCards,1
"2020-04-06 14:54:17",Immigration,1
"2020-04-06 14:54:17",WorkVisas,1
"2020-04-06 14:53:49",k12,1
"2020-04-06 14:51:49",fundiraising,2
"2020-04-06 14:51:49",startup,3
"2020-04-06 14:51:45",burger,1
"2020-04-06 14:51:45",craving,1
"2020-04-06 14:51:45",daydreaming,1
"2020-04-06 14:51:45",fries,1
"2020-04-06 14:51:45",StayingHome,12
"2020-04-06 14:51:09",COVID19Ethiopia,1
"2020-04-06 14:50:01",dontbelievethehype,1
"2020-04-06 14:49:36",believe,1
"2020-04-06 14:48:29",CoronavirusTaskForce,5
"2020-04-06 14:48:14",WeNeedALeader,1
"2020-04-06 14:47:10",energyefficiency,1
"2020-04-06 14:47:06",job,1
"2020-04-06 14:47:06",States,1
"2020-04-06 14:47:06",work,1
"2020-04-06 14:44:26",FDNY,3
"2020-04-06 14:43:53",ItsAWinWin,2
"2020-04-06 14:43:53",RETWEEET,3
"2020-04-06 14:43:50",ForbesFinds,2
"2020-04-06 14:43:34",handdemic,2
"2020-04-06 14:43:02",TheCureForCabinFever,4
"2020-04-06 14:42:44",beer,1
"2020-04-06 14:42:44",coronaextra,1
"2020-04-06 14:42:44",Heineken,1
"2020-04-06 14:42:44",Risk,1
"2020-04-06 14:41:05",lifewithsadie,1
"2020-04-06 14:41:02",help,1
"2020-04-06 14:40:35",AppGang,1
"2020-04-06 14:40:00",follow,1
"2020-04-06 14:40:00",News,3
"2020-04-06 14:39:53",drawing,4
"2020-04-06 14:39:46",RonnaMcDaniel,1
"2020-04-06 14:39:17",discovery,1
"2020-04-06 14:39:17",ubart320,1
"2020-04-06 14:38:22",Irish,1
"2020-04-06 14:38:22",leadership,4
"2020-04-06 14:37:41",Economy,8
"2020-04-06 14:37:41",GreekEconomy,2
"2020-04-06 14:37:12",Floridalockdown,1
"2020-04-06 14:37:12",PrisonLivesMatter,1
"2020-04-06 14:37:11",nurse,1
"2020-04-06 14:35:26",TruckersOfAmerica,1
"2020-04-06 14:34:28",churches,1
"2020-04-06 14:34:28",pastors,1
"2020-04-06 14:34:18",FatimaTheMovie,1
"2020-04-06 14:34:18",FightFor15,1
"2020-04-06 14:33:12",hiddeninplainsight,1
"2020-04-06 14:32:56",crps,1
"2020-04-06 14:32:35",kirby,1
"2020-04-06 14:32:35",Meme,1
"2020-04-06 14:32:35",sakurai,1
"2020-04-06 14:32:35",smashbros,1
"2020-04-06 14:32:35",smashultimate,1
"2020-04-06 14:32:27",CoronavirusPandemic,21
"2020-04-06 14:32:27",Mykonos,2
"2020-04-06 14:32:19",art,4
"2020-04-06 14:32:19",Culture,2
"2020-04-06 14:31:22",stopcorona,1
"2020-04-06 14:31:18",LatinAmerica,5
"2020-04-06 14:31:18",Lima,5
"2020-04-06 14:31:18",Peru,5
"2020-04-06 14:30:03",ivondigital,1
"2020-04-06 14:30:03",ivondigitalservices,1
"2020-04-06 14:29:55",retailers,1
"2020-04-06 14:29:42",Racism,1
"2020-04-06 14:28:42",FMGlobal,1
"2020-04-06 14:28:39",InThisTogether,6
"2020-04-06 14:28:39",MivaStrong,1
"2020-04-06 14:28:19",advocacy,1
"2020-04-06 14:26:48",howtoearnmoneyonline,1
"2020-04-06 14:26:30",COVIDBOND,1
"2020-04-06 14:26:08",TrumpLiedPeopleDied,16
"2020-04-06 14:25:02",FloridaFootball,1
"2020-04-06 14:23:36",jeffreestar,1
"2020-04-06 14:23:36",jeffreestarcosmetics,1
"2020-04-06 14:22:33",coronapocalypse,1
"2020-04-06 14:22:09",RealEstate,1
"2020-04-06 14:21:56",fedex,1
"2020-04-06 14:21:53",Toyota,1
"2020-04-06 14:20:37",BioHealthCapitalRegion,1
"2020-04-06 14:18:18",artezagouache,2
"2020-04-06 14:18:18",gouache,2
"2020-04-06 14:18:18",myart,2
"2020-04-06 14:18:18",originalart,1
"2020-04-06 14:18:17",shoppingstar,2
"2020-04-06 14:17:51",ReduceRisk,2
"2020-04-06 14:17:51",StayingHealthy,2
"2020-04-06 14:17:51",WashingOurHands,2
"2020-04-06 14:17:26",adoptdontshop,1
"2020-04-06 14:17:26",gotpitbull,1
"2020-04-06 14:17:26",JustAGirlAndHerPitbulls,1
"2020-04-06 14:17:26",sarcasm,1
"2020-04-06 14:16:58",MSKScienceSpotlight,1
"2020-04-06 14:16:17",COVID2019,21
"2020-04-06 14:16:17",DeckDrinking,2
"2020-04-06 14:16:17",HeresToYou,2
"2020-04-06 14:15:47",mademelaugh,1
"2020-04-06 14:15:42",analytics,1
"2020-04-06 14:14:30",financialadvisors,1
"2020-04-06 14:14:30",handsoff,1
"2020-04-06 14:14:30",keepyourdistance,2
"2020-04-06 14:14:30",notouching,1
"2020-04-06 14:14:30",rockyhorrorpictureshow,1
"2020-04-06 14:14:18",LEADERTOLEADER,1
"2020-04-06 14:14:04",GoogleAlerts,2
"2020-04-06 14:13:07",ToiletPaperPanic,1
"2020-04-06 14:12:16",WrestleManiaEntrance,2
"2020-04-06 14:11:36",streetart,1
"2020-04-06 14:09:27",audpeeps,1
"2020-04-06 14:09:27",JeffKatzenberg,1
"2020-04-06 14:09:27",MedEd,2
"2020-04-06 14:08:59",Marylandlockdown,1
"2020-04-06 14:08:25",govtech,1
"2020-04-06 14:07:59",InternationalDayofConscience,6
"2020-04-06 14:07:44",ClusterTrump,2
"2020-04-06 14:06:03",Lifesaver,1
"2020-04-06 14:05:35",discrimination,1
"2020-04-06 14:05:14",alabamafoodbanks,1
"2020-04-06 14:05:14",Dentists,1
"2020-04-06 14:05:14",fighthunger,1
"2020-04-06 14:05:14",SNAP,1
"2020-04-06 14:04:30",DYK,1
"2020-04-06 14:04:26",LightAtTheEndOfTheTunnel,1
"2020-04-06 14:04:04",sun,1
"2020-04-06 14:03:46",independence,1
"2020-04-06 14:03:46",sec,1
"2020-04-06 14:03:27",DiagnosticsTest,1
"2020-04-06 14:03:27",FDA,12
"2020-04-06 14:03:11",AmericaWorst,1
"2020-04-06 14:03:11",Broadway,1
"2020-04-06 14:03:11",Canada,1
"2020-04-06 14:03:11",conmaninWH,1
"2020-04-06 14:03:11",Hoax,1
"2020-04-06 14:03:11",London,1
"2020-04-06 14:03:11",MakeAmericaLate,1
"2020-04-06 14:03:11",Trumpshitshow,1
"2020-04-06 14:03:06",quibi,2
"2020-04-06 14:03:03",dorks,1
"2020-04-06 14:01:44",SARSCoV2,27
"2020-04-06 14:00:48",scripture,1
"2020-04-06 14:00:23",ColumbiaNursing,1
"2020-04-06 14:00:00",diabetes,1
"2020-04-06 14:00:00",LMALLC,1
"2020-04-06 14:00:00",TodayApril06,1
"2020-04-06 13:59:59",Tech,3
"2020-04-06 13:59:53",FrontLineHeroes,1
"2020-04-06 13:59:01",SURVIVECOVID19,2
"2020-04-06 13:57:52",Vanuatu,1
"2020-04-06 13:57:19",TrumpRecession,1
"2020-04-06 13:56:36",TrumpIsALoser,30
"2020-04-06 13:55:40",PearlHarbor,3
"2020-04-06 13:55:38",TrumpCoronavirusRallies,1
"2020-04-06 13:54:53",ChesBay,1
"2020-04-06 13:54:52",ABC,1
"2020-04-06 13:54:23",EZPassMD,6
"2020-04-06 13:53:36",N95,6
"2020-04-06 13:53:36",居家檢疫,6
"2020-04-06 13:53:36",居家隔離,6
"2020-04-06 13:53:28",inthenameofjesus,1
"2020-04-06 13:53:01",aliens,4
"2020-04-06 13:53:01",makecomics,2
"2020-04-06 13:53:01",ripley,2
"2020-04-06 13:52:27",LameStreamMedia,1
"2020-04-06 13:51:03",CommunalVirus,2
"2020-04-06 13:49:02",Ταϊβάν,1
"2020-04-06 13:48:54",fashionindustry,1
"2020-04-06 13:48:54",fashionlaw,1
"2020-04-06 13:48:25",depressedby9,1
"2020-04-06 13:48:06",HockeyAtHome,2
"2020-04-06 13:48:06",HockeyTwitter,2
"2020-04-06 13:48:06",isles,2
"2020-04-06 13:48:06",NHL,2
"2020-04-06 13:48:00",jamesraftery,1
"2020-04-06 13:48:00",jeffreyarsenault,1
"2020-04-06 13:48:00",johnleguizamo,1
"2020-04-06 13:48:00",nightowl,1
"2020-04-06 13:47:11",disabilities,1
"2020-04-06 13:47:11",ID,1
"2020-04-06 13:44:52",DOIT,1
"2020-04-06 13:44:49",kidney,1
"2020-04-06 13:44:48",csupermixradio,2
"2020-04-06 13:44:48",กษัตริย์มีไว้ทําไม,2
"2020-04-06 13:44:44",Thirsty,1
"2020-04-06 13:44:23",Hamptons,2
"2020-04-06 13:43:14",OneidaCounty,2
"2020-04-06 13:41:53",book,4
"2020-04-06 13:41:53",bookie,3
"2020-04-06 13:41:53",bookish,3
"2020-04-06 13:41:53",bookseries,3
"2020-04-06 13:41:53",bookstagram,3
"2020-04-06 13:41:05",ccpvirus,35
"2020-04-06 13:40:21",MotivationalMonday,2
"2020-04-06 13:40:16",DeepState,1
"2020-04-06 13:40:16",Kill,1
"2020-04-06 13:40:16",Pills,1
"2020-04-06 13:40:04",Chef,1
"2020-04-06 13:40:04",Hunger,1
"2020-04-06 13:40:04",relief,1
"2020-04-06 13:39:01",tokenization,1
"2020-04-06 13:38:46",BoycottTrumpPressConferences,1
"2020-04-06 13:38:29",N95mask,1
"2020-04-06 13:38:29",safetymasks,1
"2020-04-06 13:38:28",oldschool,1
"2020-04-06 13:37:24",floridatoday,1
"2020-04-06 13:37:07",Nielsen,1
"2020-04-06 13:36:38",Avengers,1
"2020-04-06 13:36:38",CoronaComicsChallenge,1
"2020-04-06 13:36:38",zoommeeting,1
"2020-04-06 13:35:52",TBFreshmanyear,2
"2020-04-06 13:35:41",recycling,1
"2020-04-06 13:34:10",Philoptochos,1
"2020-04-06 13:34:10",PhiloStrong,1
"2020-04-06 13:33:17",MuteFox,1
"2020-04-06 13:33:17",MuteTrump,1
"2020-04-06 13:31:52",Hydroxychloroquine,119
"2020-04-06 13:31:14",KateMoss,1
"2020-04-06 13:30:12",ConversationsWith,1
"2020-04-06 13:29:02",courage,1
"2020-04-06 13:28:29",EducationalEquity,1
"2020-04-06 13:27:56",Manchester,1
"2020-04-06 13:27:00",election,1
"2020-04-06 13:25:48",Spain,6
"2020-04-06 13:25:48",Spanish,7
"2020-04-06 13:25:48",Turkey,6
"2020-04-06 13:25:07",kindness,1
"2020-04-06 13:24:54",Sante,1
"2020-04-06 13:24:54",Technologie,1
"2020-04-06 13:24:13",Free,1
"2020-04-06 13:24:13",graphicdesign,1
"2020-04-06 13:23:29",CoveringCovid19,1
"2020-04-06 13:22:59",transferpricing,1
"2020-04-06 13:22:36",ClimateArtforCongress,1
"2020-04-06 13:20:54",一家人,4
"2020-04-06 13:20:14",entrepreneurship,1
"2020-04-06 13:20:14",identitytheft,1
"2020-04-06 13:20:13",indieartist,1
"2020-04-06 13:20:13",ineedbeats,1
"2020-04-06 13:20:13",unsignedartist,1
"2020-04-06 13:19:58",Tweet4Mee,1
"2020-04-06 13:19:50",ειδήσεις,2
"2020-04-06 13:19:50",εργασία,1
"2020-04-06 13:18:25",genderroles,1
"2020-04-06 13:18:18",JukingTheStats,2
"2020-04-06 13:18:10",meditation,1
"2020-04-06 13:18:10",relaxation,1
"2020-04-06 13:18:10",talkaboutit,1
"2020-04-06 13:17:30",RecallCuomo,1
"2020-04-06 13:17:30",RecallDeBlasio,1
"2020-04-06 13:17:23",Refinancing,1
"2020-04-06 13:17:19",NASSPTownHall,1
"2020-04-06 13:16:22",25thAmendmentNow,3
"2020-04-06 13:15:23",FLX,1
"2020-04-06 13:15:13",workingfromhome,5
"2020-04-06 13:14:18",EqualRightsAmendment,1
"2020-04-06 13:12:51",Canandaigua,1
"2020-04-06 13:12:29",ShirleyRaines,1
"2020-04-06 13:11:40",SunValley,1
"2020-04-06 13:11:30",blockorcharge,1
"2020-04-06 13:11:30",imfine,1
"2020-04-06 13:11:11",TrumpWins,1
"2020-04-06 13:11:11",WeAreHereWithYou,1
"2020-04-06 13:11:11",WWG1WGA_WORLDWIDE,1
"2020-04-06 13:10:53",quarantinehair,1
"2020-04-06 13:10:46",coornavirus,1
"2020-04-06 13:10:37",Boris,1
"2020-04-06 13:10:36",MinorityBusinessMatters,1
"2020-04-06 13:10:06",TablighiJamat,1
"2020-04-06 13:10:06",मुस्लिम_मतलब_आतंकवादी,1
"2020-04-06 13:09:47",QuarantinedQueers,2
"2020-04-06 13:09:13",Hungary,2
"2020-04-06 13:08:58",redtape,1
"2020-04-06 13:08:45",smallbusiness,8
"2020-04-06 13:08:43",notsponsored,1
"2020-04-06 13:08:41",HarvardUniversity,1
"2020-04-06 13:08:40",FaithOverFear,1
"2020-04-06 13:08:29",SMB,1
"2020-04-06 13:08:15",coronavirustelework,1
"2020-04-06 13:07:53",marketing,1
"2020-04-06 13:07:36",pink,1
"2020-04-06 13:06:47",Libya,1
"2020-04-06 13:06:47",Migrants,1
"2020-04-06 13:06:47",Refugees,1
"2020-04-06 13:06:31",Anthropogeny,1
"2020-04-06 13:06:31",CopingWithCOVID,1
"2020-04-06 13:06:31",QuarantiningTheHeckmanWay,1
"2020-04-06 13:06:31",TheRona,1
"2020-04-06 13:06:00",MAGAHats,1
"2020-04-06 13:05:45",FoxAndFriends,2
"2020-04-06 13:05:16",dontbemad,1
"2020-04-06 13:05:16",dontbeshy,1
"2020-04-06 13:05:16",gayinmaine,1
"2020-04-06 13:05:16",livinglife,1
"2020-04-06 13:05:16",noexcuses,1
"2020-04-06 13:05:16",nowyouknow,1
"2020-04-06 13:05:16",opps,1
"2020-04-06 13:05:16",ThinkAboutIt,1
"2020-04-06 13:05:16",whatsup,1
"2020-04-06 13:04:57",allespertochiedo,1
"2020-04-06 13:04:55",RENEWABLES,1
"2020-04-06 13:04:22",GroceryStore,2
"2020-04-06 13:03:30",Sweden,12
"2020-04-06 13:02:48",SupplyChains,1
"2020-04-06 13:01:59",womensrights,1
"2020-04-06 13:01:38",SGN,1
"2020-04-06 13:01:25",TheDaily,1
"2020-04-06 13:01:05",HenryMoore,1
"2020-04-06 13:00:57",caronavirus2020,1
"2020-04-06 13:00:57",Lethal_incompetence,1
"2020-04-06 13:00:57",MarvinOtt,1
"2020-04-06 13:00:57",opinion,1
"2020-04-06 13:00:36",securesignal,1
"2020-04-06 13:00:07",Vimeo,1
"2020-04-06 13:00:00",Cinephone2020,1
"2020-04-06 12:59:00",GoogleHangout,1
"2020-04-06 12:57:29",MSWL,2
"2020-04-06 12:57:08",Gallup,2
"2020-04-06 12:56:46",BiPAP,1
"2020-04-06 12:56:46",DontPanic,1
"2020-04-06 12:56:42",CVS,1
"2020-04-06 12:56:12",fight,3
"2020-04-06 12:56:12",smile,1
"2020-04-06 12:56:12",StayStrong,3
"2020-04-06 12:55:53",blessed,1
"2020-04-06 12:53:51",alphamale,1
"2020-04-06 12:53:51",bespoke,1
"2020-04-06 12:53:51",damnhefine,1
"2020-04-06 12:53:51",dapper,1
"2020-04-06 12:53:51",gucci,1
"2020-04-06 12:53:51",handsome,1
"2020-04-06 12:53:51",luxury,1
"2020-04-06 12:53:51",men,1
"2020-04-06 12:53:51",menswear,1
"2020-04-06 12:53:41",OACommunity,1
"2020-04-06 12:53:41",OAPride,1
"2020-04-06 12:53:41",OATogether,1
"2020-04-06 12:53:41",OATradition,1
"2020-04-06 12:51:41",covid_19italia,1
"2020-04-06 12:51:24",staypositive,2
"2020-04-06 12:50:12",CoronavirusCrisis,1
"2020-04-06 12:50:12",DonaldTrump,4
"2020-04-06 12:48:00",republicandeathpanels,1
"2020-04-06 12:48:00",WisconsinRepublicans,1
"2020-04-06 12:47:36",CORE,1
"2020-04-06 12:47:36",SYMPTOM,1
"2020-04-06 12:47:17",Apr6th,1
"2020-04-06 12:47:17",Covid19Cases,1
"2020-04-06 12:45:49",DoGoodBeGood,1
"2020-04-06 12:45:37",republicans,3
"2020-04-06 12:45:37",trumpists,1
"2020-04-06 12:44:46",Unity,1
"2020-04-06 12:44:38",LetsFightCovid19,3
"2020-04-06 12:44:38",Philippines,1
"2020-04-06 12:43:00",OOH,1
"2020-04-06 12:43:00",TrumpDerangementSyndrome,1
"2020-04-06 12:42:29",medRxiv,15
"2020-04-06 12:42:13",lockdown2020,2
"2020-04-06 12:42:13",mondaythoughts,21
"2020-04-06 12:42:13",WereInThisTogether,1
"2020-04-06 12:41:15",love,3
"2020-04-06 12:41:15",musician,1
"2020-04-06 12:40:52",impeachedTrump,1
"2020-04-06 12:39:02",futureofwork,1
"2020-04-06 12:38:25",the,2
"2020-04-06 12:37:52",ACA,1
"2020-04-06 12:37:49",hospital,1
"2020-04-06 12:37:26",mustread,1
"2020-04-06 12:36:56",GodBlessFarmers,3
"2020-04-06 12:36:56",TheStormIsUponUs,3
"2020-04-06 12:36:33",mascherina,2
"2020-04-06 12:36:30",SelfCareSunday,1
"2020-04-06 12:34:28",Afghanistan,2
"2020-04-06 12:32:13",traitorinthewhitehouse,1
"2020-04-06 12:31:19",HealthCareHeros,1
"2020-04-06 12:30:06",CloserFunnies,3
"2020-04-06 12:29:18",NonEssential,1
"2020-04-06 12:29:18",Walmart,1
"2020-04-06 12:28:35",map,1
"2020-04-06 12:28:35",Workbook,1
"2020-04-06 12:26:59",circuitbreaker,1
"2020-04-06 12:26:57",coffeehour,3
"2020-04-06 12:26:53",MorningJoe,15
"2020-04-06 12:25:57",CNY,1
"2020-04-06 12:25:57",Onondaga,1
"2020-04-06 12:25:01",NYStrong,4
"2020-04-06 12:21:40",edgecomputing,1
"2020-04-06 12:21:40",edgeroundup,1
"2020-04-06 12:21:21",MondayWisdom,1
"2020-04-06 12:20:21",remotelearning,1
"2020-04-06 12:19:35",HPEatHome,3
"2020-04-06 12:19:35",physed,3
"2020-04-06 12:18:57",airlines,4
"2020-04-06 12:18:57",airtravel,3
"2020-04-06 12:16:23",Chernobyl,7
"2020-04-06 12:15:20",propertyandcasualty,2
"2020-04-06 12:14:55",PPEShortages,1
"2020-04-06 12:13:47",Atkinson,3
"2020-04-06 12:12:56",MayhemIn4Words,3
"2020-04-06 12:12:16",cybercrime,1
"2020-04-06 12:10:46",cartoon,1
"2020-04-06 12:10:46",militarism,1
"2020-04-06 12:10:26",Coronahoax,4
"2020-04-06 12:10:26",WWG1WGA,3
"2020-04-06 12:08:33",diy,1
"2020-04-06 12:08:33",Frozen,1
"2020-04-06 12:08:33",instructable,1
"2020-04-06 12:08:14",despair,1
"2020-04-06 12:03:33",Adrenochrome,2
"2020-04-06 12:02:04",CharlesLieber,11
"2020-04-06 12:01:20",washyourhands,5
"2020-04-06 12:00:32",oil,1
"2020-04-06 11:59:23",WFM,1
"2020-04-06 11:59:20",Learningathome,3
"2020-04-06 11:57:53",GoogleDoodle,1
"2020-04-06 11:57:26",thankstrumpvoters,1
"2020-04-06 11:55:45",Covid19India,1
"2020-04-06 11:55:45",TablighiJamaat,1
"2020-04-06 11:55:25",BLACKPINK,24
"2020-04-06 11:54:16",Easter,3
"2020-04-06 11:52:58",FDR,2
"2020-04-06 11:52:58",GeorgeBush,2
"2020-04-06 11:51:43",vulnerable,1
"2020-04-06 11:51:29",DEM,1
"2020-04-06 11:51:02",covi̇d_19,4
"2020-04-06 11:51:02",EssentialWorker,1
"2020-04-06 11:48:27",COWARD45,2
"2020-04-06 11:45:16",fun,1
"2020-04-06 11:45:16",funny,1
"2020-04-06 11:45:16",lmao,1
"2020-04-06 11:45:16",lol,1
"2020-04-06 11:45:16",safehands,1
"2020-04-06 11:45:16",silly,1
"2020-04-06 11:45:10",universaldisplay,1
"2020-04-06 11:44:27",catoftheday,1
"2020-04-06 11:44:18",anxiety,3
"2020-04-06 11:44:18",depression,1
"2020-04-06 11:42:37",kathimerini,1
"2020-04-06 11:42:37",καθημερινη,1
"2020-04-06 11:42:26",schoolclosures,1
"2020-04-06 11:40:50",Greeks,1
"2020-04-06 11:40:22",CoronavirusNewYork,6
"2020-04-06 11:40:15",Wework,1
"2020-04-06 11:39:37",Orban,3
"2020-04-06 11:39:12",DavidEdelstein,1
"2020-04-06 11:36:44",crisis,3
"2020-04-06 11:36:40",stayhomewithme,1
"2020-04-06 11:35:02",laugh,2
"2020-04-06 11:35:02",Listen,1
"2020-04-06 11:35:02",music,7
"2020-04-06 11:35:02",play,1
"2020-04-06 11:35:02",sing,1
"2020-04-06 11:35:02",stayhappy,1
"2020-04-06 11:35:02",Talk,1
"2020-04-06 11:34:45",bloodtype,2
"2020-04-06 11:33:15",bookkeeping,1
"2020-04-06 11:32:33",worldwide,1
"2020-04-06 11:32:33",Μητσοτακης,1
"2020-04-06 11:32:33",Τσερνομπιλ,14
"2020-04-06 11:31:52",5GTowers,1
"2020-04-06 11:31:52",MartialLaw,37
"2020-04-06 11:31:52",ProjectBlueBeam,1
"2020-04-06 11:30:09",epidemiologist,1
"2020-04-06 11:30:09",epidemiology,1
"2020-04-06 11:30:09",epitwitter,1
"2020-04-06 11:29:42",F1Esports,1
"2020-04-06 11:27:51",TheMorningNews,4
"2020-04-06 11:23:43",mindset,1
"2020-04-06 11:23:15",HobokenPD,1
"2020-04-06 11:23:04",Κορονoιος,14
"2020-04-06 11:22:56",DrTrump,2
"2020-04-06 11:22:38",ThankYou,2
"2020-04-06 11:22:01",EssentialService,1
"2020-04-06 11:20:31",aprilshowers,1
"2020-04-06 11:20:31",eastersunday,1
"2020-04-06 11:20:31",familytime,1
"2020-04-06 11:20:31",flowers,1
"2020-04-06 11:20:31",Spring,1
"2020-04-06 11:20:31",springcleaning,1
"2020-04-06 11:20:31",springweather,1
"2020-04-06 11:19:38",ThisIsAmerica,1
"2020-04-06 11:19:03",TrumpGenocide,2
"2020-04-06 11:18:47",day15,1
"2020-04-06 11:18:47",happymonday,1
"2020-04-06 11:18:47",moon,1
"2020-04-06 11:18:47",thismorning,1
"2020-04-06 11:18:22",quarantine_material,3
"2020-04-06 11:17:30",landlords,1
"2020-04-06 11:17:30",tenantunions,1
"2020-04-06 11:17:00",Advertise,1
"2020-04-06 11:17:00",affiliatemarketing,1
"2020-04-06 11:17:00",AskGovHogan,2
"2020-04-06 11:17:00",guestpost,1
"2020-04-06 11:17:00",Indynews,1
"2020-04-06 11:17:00",Sposorships,1
"2020-04-06 11:15:59",banking,1
"2020-04-06 11:15:25",SwampNotes,1
"2020-04-06 11:13:50",TrumpKills,1
"2020-04-06 11:12:47",BillyJoel,1
"2020-04-06 11:12:29",BBCInterview,1
"2020-04-06 11:12:29",MondayMonday,1
"2020-04-06 11:12:29",WFH,4
"2020-04-06 11:12:29",YouGotThis,1
"2020-04-06 11:10:29",EmptyHospitals,1
"2020-04-06 11:08:26",EndProhibition,1
"2020-04-06 11:06:56",5amwritersclub,1
"2020-04-06 11:06:51",13WHAM,5
"2020-04-06 11:02:24",StimulusPlan,1
"2020-04-06 11:01:55",HomelessCovid19,1
"2020-04-06 11:01:55",mtatrains,1
"2020-04-06 11:01:55",nycdontcare,1
"2020-04-06 11:01:09",OneVoice1,1
"2020-04-06 11:00:51",VeryHighRatings,1
"2020-04-06 11:00:27",Emirates,1
"2020-04-06 11:00:24",realDonaldTrump,2
"2020-04-06 10:56:55",accounting,1
"2020-04-06 10:56:42",BeTheOneTompkins,1
"2020-04-06 10:52:18",Oregon,1
"2020-04-06 10:52:18",Washington,2
"2020-04-06 10:50:46",NewsOfTheDay,2
"2020-04-06 10:50:00",PPEshortage,3
"2020-04-06 10:43:18",Evangelical,1
"2020-04-06 10:41:51",amwriting,5
"2020-04-06 10:41:51",quote,2
"2020-04-06 10:41:51",Writers,2
"2020-04-06 10:41:51",writerslift,1
"2020-04-06 10:38:30",preparedness,1
"2020-04-06 10:36:40",regulation,1
"2020-04-06 10:36:05",bernie,1
"2020-04-06 10:36:05",Parasite,1
"2020-04-06 10:35:18",JaredKushner,2
"2020-04-06 10:34:27",MM,1
"2020-04-06 10:33:47",bransoncognac,1
"2020-04-06 10:33:47",lecheminduroi,1
"2020-04-06 10:32:18",只想旅行,3
"2020-04-06 10:32:13",Annapolis,1
"2020-04-06 10:31:31",DrFauci,4
"2020-04-06 10:30:53",AEW,1
"2020-04-06 10:27:57",StayHomeGoPlaces,1
"2020-04-06 10:27:24",ootd,1
"2020-04-06 10:26:48",FOAMed,1
"2020-04-06 10:25:03",teaching,1
"2020-04-06 10:23:29",books,2
"2020-04-06 10:23:29",reading,3
"2020-04-06 10:23:03",blackmaternalhealth,1
"2020-04-06 10:22:11",LeaveNoOneBehind,3
"2020-04-06 10:20:16",clinicaltrial,1
"2020-04-06 10:17:42",Policy,1
"2020-04-06 10:17:42",Uganda,1
"2020-04-06 10:15:01",FarmLife,1
"2020-04-06 10:14:32",Macron,1
"2020-04-06 10:13:05",QueenElizabeth,2
"2020-04-06 10:08:56",VideoConference,1
"2020-04-06 10:05:29",juniorgoldminers,1
"2020-04-06 10:05:29",silver,1
"2020-04-06 10:05:15",EatMe,1
"2020-04-06 10:05:15",EatMeLunch,1
"2020-04-06 10:03:20",curves,1
"2020-04-06 10:03:20",forevacrushing,1
"2020-04-06 10:03:20",mcm,2
"2020-04-06 10:03:20",Mommiecrushmonday,1
"2020-04-06 10:03:20",prettybrownbih,1
"2020-04-06 10:01:28",AmericaTogether,1
"2020-04-06 10:01:28",UnitedAsOne,1
"2020-04-06 10:00:13",smjdrones,1
"2020-04-06 09:57:21",3dsmax,3
"2020-04-06 09:57:21",Character,3
"2020-04-06 09:57:21",CoronaRenderer,3
"2020-04-06 09:57:21",digitalsculpt,3
"2020-04-06 09:57:21",MondayMood,6
"2020-04-06 09:57:21",zbrush,3
"2020-04-06 09:57:21",zbrushathome,3
"2020-04-06 09:55:08",NY21,1
"2020-04-06 09:54:31",mindfulmonday,1
"2020-04-06 09:54:31",motivationalquotes,2
"2020-04-06 09:54:31",staythefuckhome,1
"2020-04-06 09:53:51",SouthernStates,1
"2020-04-06 09:53:10",どこにも行かないで,1
"2020-04-06 09:53:10",家にいて,1
"2020-04-06 09:52:45",POTUS,4
"2020-04-06 09:47:20",younow,1
"2020-04-06 09:44:09",american,2
"2020-04-06 09:44:09",deathpenalty,1
"2020-04-06 09:41:35",IBD,1
"2020-04-06 09:37:54",fighting,7
"2020-04-06 09:26:58",UpstateLivesMatter,1
"2020-04-06 09:23:26",ΜποριςΤζονσον,1
"2020-04-06 09:18:54",RDC,1
"2020-04-06 09:17:35",protect,2
"2020-04-06 09:17:35",yourself,1
"2020-04-06 09:16:55",picciano,1
"2020-04-06 09:15:49",DearChurch,1
"2020-04-06 09:13:29",DataScientists,3
"2020-04-06 09:10:58",cute,1
"2020-04-06 09:10:58",cutedog,1
"2020-04-06 09:10:58",cutedogs,1
"2020-04-06 09:10:58",dog,2
"2020-04-06 09:10:58",dogs,8
"2020-04-06 09:10:58",dogsofinstagram,1
"2020-04-06 09:10:58",tiffa,1
"2020-04-06 09:10:42",TrumpVirus,10
"2020-04-06 09:09:30",FakeNewsMedia,5
"2020-04-06 09:09:22",EndThisMadness,1
"2020-04-06 09:07:41",lovethiscity,1
"2020-04-06 09:07:41",mybmore,1
"2020-04-06 08:57:16",influencer,3
"2020-04-06 08:54:10",Battalion22,1
"2020-04-06 08:54:10",onStatenIsland,1
"2020-04-06 08:54:10",Squad8,1
"2020-04-06 08:46:55",IDKWhatsNormal,3
"2020-04-06 08:46:55",palmsunday,4
"2020-04-06 08:46:55",writingcommunity,3
"2020-04-06 08:46:32",sasusers,1
"2020-04-06 08:45:44",BernardGonzalez,1
"2020-04-06 08:45:44",CoronaVirusUpdate,16
"2020-04-06 08:45:44",doctor,3
"2020-04-06 08:45:44",France,2
"2020-04-06 08:45:44",StadeDeReims,1
"2020-04-06 08:45:44",suicide,1
"2020-04-06 08:41:52",impotus,1
"2020-04-06 08:35:45",Covid_19Updates,1
"2020-04-06 08:33:59",greek,1
"2020-04-06 08:33:12",CNN,2
"2020-04-06 08:33:12",Democracy,3
"2020-04-06 08:33:12",民主,1
"2020-04-06 08:33:05",HowMuchLongerTill,1
"2020-04-06 08:30:39",NYlockdown,1
"2020-04-06 08:30:39",ThisTooShallPass,1
"2020-04-06 08:21:57",PiedmontBizCap,1
"2020-04-06 08:20:17",QUOTEDBYDK,1
"2020-04-06 08:20:17",THEDATEKEEPER,1
"2020-04-06 08:18:59",blacknudist,1
"2020-04-06 08:18:59",dmvfreaks,1
"2020-04-06 08:18:59",nakedmenofcolor,1
"2020-04-06 08:15:47",BuyLocal,1
"2020-04-06 08:14:56",Pritzker,1
"2020-04-06 08:14:04",HasChinaWon,1
"2020-04-06 08:12:19",MadewithInterreg,1
"2020-04-06 08:11:26",WorldSBK,1
"2020-04-06 08:11:26",κοροναιος,1
"2020-04-06 08:10:40",Biden,5
"2020-04-06 08:10:24",Milano,1
"2020-04-06 08:06:19",doyoga,1
"2020-04-06 08:06:19",onlineyogaclasses,1
"2020-04-06 08:05:52",Border,1
"2020-04-06 08:05:52",illegals,1
"2020-04-06 08:05:20",ματι,1
"2020-04-06 08:05:20",σωτηρη,1
"2020-04-06 08:00:46",sleepnever,1
"2020-04-06 08:00:00",SA,1
"2020-04-06 07:56:30",τσιοδρα,1
"2020-04-06 07:56:22",hydroxycholorquine,1
"2020-04-06 07:55:56",Antiparos,1
"2020-04-06 07:44:56",PresidentMayhem,1
"2020-04-06 07:39:58",hilarious,1
"2020-04-06 07:39:58",TruthBeTold,1
"2020-04-06 07:39:50",quaranzinefest,1
"2020-04-06 07:24:55",HydroxychloroquineAndAzythromyacin,1
"2020-04-06 07:16:47",TrumpWasRight,2
"2020-04-06 07:16:44",Ckexclusives,1
"2020-04-06 07:16:44",comics,1
"2020-04-06 07:16:44",Popeye,1
"2020-04-06 07:13:44",grandparents,1
"2020-04-06 07:06:54",STEM,1
"2020-04-06 07:06:54",TheFarRightFearsTruth,2
"2020-04-06 07:06:54",WomeninScience,1
"2020-04-06 06:59:59",CRE,2
"2020-04-06 06:59:59",TenantTips,1
"2020-04-06 06:58:25",QuaratineLife,4
"2020-04-06 06:54:58",dummy,1
"2020-04-06 06:54:58",PatRobertson,2
"2020-04-06 06:49:01",fuckcorona,1
"2020-04-06 06:49:01",staystrongitaly,1
"2020-04-06 06:47:04",Ρουβίκωνα,1
"2020-04-06 06:44:02",kalimeraEllada,1
"2020-04-06 06:43:54",Saints,1
"2020-04-06 06:43:53",stayhealthyandfit,1
"2020-04-06 06:43:03",WMD,1
"2020-04-06 06:42:49",κορονοιου,3
"2020-04-06 06:42:27",innovator,1
"2020-04-06 06:42:27",reinventing,1
"2020-04-06 06:37:33",titusunlimited,2
"2020-04-06 06:34:35",mezz,1
"2020-04-06 06:30:05",Athens,1
"2020-04-06 06:30:05",Thessaloniki,1
"2020-04-06 06:30:05",TIFHelexpo,1
"2020-04-06 06:30:04",idiot,1
"2020-04-06 06:29:57",TaxScam,1
"2020-04-06 06:27:09",mentalIllnessHappyHour,1
"2020-04-06 06:26:15",DCMADAME,1
"2020-04-06 06:26:15",DCPAGEBOYS,1
"2020-04-06 06:21:37",care2,1
"2020-04-06 06:15:36",Avo,1
"2020-04-06 06:15:36",Ross,1
"2020-04-06 06:15:36",SpesaSolidale,1
"2020-04-06 06:15:27",QuarantineDay,2
"2020-04-06 06:09:22",coronavirusupdates,2
"2020-04-06 06:08:14",Epidemic,1
"2020-04-06 06:08:14",universalhealthcare,1
"2020-04-06 06:05:29",CoViD19PandemicUSA,2
"2020-04-06 06:03:07",kashmir,2
"2020-04-06 06:01:07",sustainwhat,1
"2020-04-06 05:58:17",classroom,1
"2020-04-06 05:58:17",education,5
"2020-04-06 05:58:17",school,1
"2020-04-06 05:58:17",teacher,2
"2020-04-06 05:56:55",obesity,1
"2020-04-06 05:54:08",Communism,1
"2020-04-06 05:52:49",Ελλάδα,1
"2020-04-06 05:50:29",trumpsaloser,1
"2020-04-06 05:50:11",covid19nyc,1
"2020-04-06 05:49:06",sundaygunday,1
"2020-04-06 05:41:53",台南,1
"2020-04-06 05:41:53",黃偉哲,1
"2020-04-06 05:40:14",WIPrimary,3
"2020-04-06 05:38:34",Gaslighting,1
"2020-04-06 05:37:37",meek,1
"2020-04-06 05:34:51",EmptyHospital,1
"2020-04-06 05:32:13",TommyLee,1
"2020-04-06 05:31:26",Bronx,4
"2020-04-06 05:31:26",Tiger,2
"2020-04-06 05:29:13",forbes,1
"2020-04-06 05:29:13",foto,1
"2020-04-06 05:28:16",InspectorGeneral,1
"2020-04-06 05:28:02",LiberalismIsAMentalDisorder,5
"2020-04-06 05:26:11",Norvatis,1
"2020-04-06 05:22:27",CornTeen,1
"2020-04-06 05:22:27",Day15still,1
"2020-04-06 05:22:27",MyLifeInTheTimeOfCorona,1
"2020-04-06 05:22:26",peanuts,1
"2020-04-06 05:22:26",ThankYouHealthCareWorkers,1
"2020-04-06 05:22:00",αστυνομοκρατία,1
"2020-04-06 05:17:40",covidnewyork,1
"2020-04-06 05:11:15",Baja,1
"2020-04-06 05:11:15",Hidalgo,1
"2020-04-06 05:11:15",Jalisco,1
"2020-04-06 05:11:15",MexicoCity,1
"2020-04-06 05:11:15",Sinaloa,1
"2020-04-06 05:11:15",State,1
"2020-04-06 05:09:04",RHONY,1
"2020-04-06 05:03:40",kicking,1
"2020-04-06 05:03:06",ny1pic,1
"2020-04-06 05:03:06",SouthBronx,1
"2020-04-06 05:03:06",YankeeStadium,1
"2020-04-06 05:02:50",MSM,3
"2020-04-06 04:58:32",FCIElkton,1
"2020-04-06 04:55:03",AMC,1
"2020-04-06 04:55:03",TWD2020,1
"2020-04-06 04:53:17",RudyColludy,2
"2020-04-06 04:53:15",ChurchFromHomeChallenge,1
"2020-04-06 04:53:15",ChurchOnline,3
"2020-04-06 04:52:17",Covid19Out,1
"2020-04-06 04:47:05",philcollinschallenge,1
"2020-04-06 04:46:19",30DayChallenge,1
"2020-04-06 04:46:19",MentalHealthMatters,1
"2020-04-06 04:46:19",mhsgnyc,1
"2020-04-06 04:43:06",BOLIVIA,1
"2020-04-06 04:43:06",Brazil,1
"2020-04-06 04:42:38",SaturdayMorning,2
"2020-04-06 04:42:38",SaturdayThoughts,1
"2020-04-06 04:42:13",hydroxchloroquine,1
"2020-04-06 04:39:16",IG,1
"2020-04-06 04:33:21",FightCovid19,1
"2020-04-06 04:33:21",heroes,1
"2020-04-06 04:33:21",hope,2
"2020-04-06 04:33:21",lovewins,1
"2020-04-06 04:31:28",TermLimits,1
"2020-04-06 04:29:41",Burundi,1
"2020-04-06 04:28:33",darkness,1
"2020-04-06 04:24:53",POSITIVE,3
"2020-04-06 04:20:34",Dollar,2
"2020-04-06 04:20:34",FOREX,1
"2020-04-06 04:19:28",eyewear,1
"2020-04-06 04:18:26",CoverYourFace,4
"2020-04-06 04:18:26",DaRona,3
"2020-04-06 04:17:24",DiffusionOfInnovations,2
"2020-04-06 04:16:19",SURREALISM,1
"2020-04-06 04:12:48",motoGP,1
"2020-04-06 04:11:53",Naijaboy,1
"2020-04-06 04:11:53",thankyoulord,1
"2020-04-06 04:11:38",SelfQuarantine,3
"2020-04-06 04:11:26",FridayMotivation,1
"2020-04-06 04:11:24",BlueWave2020,1
"2020-04-06 04:09:14",healthcareforall,1
"2020-04-06 04:08:26",فيروس_كورونا_المستجدّ,1
"2020-04-06 04:08:26",كورونا,5
"2020-04-06 04:04:45",RocketLeague,1
"2020-04-06 04:04:45",XboxShare,1
"2020-04-06 03:56:13",PPE,11
"2020-04-06 03:55:16",JoeExotic,1
"2020-04-06 03:52:25",deaths,1
"2020-04-06 03:52:25",rising,1
"2020-04-06 03:49:06",Cooking,1
"2020-04-06 03:45:27",BurrKnew,1
"2020-04-06 03:45:27",TrumpCrimeFamily,1
"2020-04-06 03:45:27",TrumpIsAMonster,1
"2020-04-06 03:45:27",TrumpVirusCoverup,1
"2020-04-06 03:44:40",melodictechno,1
"2020-04-06 03:44:40",techno,1
"2020-04-06 03:44:40",technolivesets,1
"2020-04-06 03:44:40",thisisresonance,1
"2020-04-06 03:43:19",Evergreen,2
"2020-04-06 03:39:00",exercise,2
"2020-04-06 03:33:03",Occupational,6
"2020-04-06 03:33:03",OccupationalTherapy,4
"2020-04-06 03:30:37",NOTL,1
"2020-04-06 03:28:56",sabres50,1
"2020-04-06 03:28:56",SabresClassics,1
"2020-04-06 03:27:42",NotMyPresident,3
"2020-04-06 03:22:21",Hulk,2
"2020-04-06 03:22:21",IncredibleHulk,2
"2020-04-06 03:22:21",Marvel,2
"2020-04-06 03:22:21",marvelcomics,2
"2020-04-06 03:22:21",MCU,2
"2020-04-06 03:22:21",TheIncredibleHulk,2
"2020-04-06 03:21:09",QuarantineRadio,1
"2020-04-06 03:08:19",Manmade,1
"2020-04-06 03:07:11",TheRealDonaldJTrump,1
"2020-04-06 03:07:11",TogetherAL,1
"2020-04-06 03:06:46",ERNurse,1
"2020-04-06 03:06:34",actofkindness,1
"2020-04-06 03:00:23",Hogan,1
"2020-04-06 02:57:33",amreading,1
"2020-04-06 02:57:33",HungerGames,1
"2020-04-06 02:57:33",readers,1
"2020-04-06 02:55:54",UFC249,3
"2020-04-06 02:54:59",NGOs,1
"2020-04-06 02:54:59",SouthSudan,2
"2020-04-06 02:54:59",UNMISS,1
"2020-04-06 02:53:06",life,4
"2020-04-06 02:53:06",normalcy,1
"2020-04-06 02:52:01",90dayfiancebeforethe90days,4
"2020-04-06 02:51:34",ACX_com,1
"2020-04-06 02:51:34",audiobook,1
"2020-04-06 02:51:34",Nevertheless,1
"2020-04-06 02:51:19",Bernie2020,1
"2020-04-06 02:50:54",ITBBProud,1
"2020-04-06 02:50:25",Read,1
"2020-04-06 02:48:18",BillGatesIsEvil,3
"2020-04-06 02:48:18",Qanon,4
"2020-04-06 02:48:18",TheGreatAwakening,4
"2020-04-06 02:48:18",TrumpCurse,2
"2020-04-06 02:48:18",WeKnow,4
"2020-04-06 02:47:10",boysinmakeup,2
"2020-04-06 02:47:04",Bitcoin,3
"2020-04-06 02:43:31",NotMeUs,2
"2020-04-06 02:42:20",SouthBuffalo,1
"2020-04-06 02:42:17",QuarantineKaraoke,3
"2020-04-06 02:40:46",MoneyInTheBank,1
"2020-04-06 02:38:18",np,2
"2020-04-06 02:38:18",SoundCloud,2
"2020-04-06 02:37:55",KobeYear,1
"2020-04-06 02:34:56",church,1
"2020-04-06 02:34:49",FilmYourHospital,8
"2020-04-06 02:32:27",ChineseWuhanVirus,1
"2020-04-06 02:32:21",ChineseVirus,2
"2020-04-06 02:31:23",BoyMom,1
"2020-04-06 02:31:23",DayWhateverandBORED,1
"2020-04-06 02:31:21",70days,5
"2020-04-06 02:30:50",Legacies,1
"2020-04-06 02:28:03",KAG,1
"2020-04-06 02:27:23",RIPMitchsBeard,1
"2020-04-06 02:24:15",2020iscancelled,1
"2020-04-06 02:24:15",cringe,1
"2020-04-06 02:24:05",IMLP,1
"2020-04-06 02:23:01",comeonman,1
"2020-04-06 02:22:20",CODVID19,2
"2020-04-06 02:21:54",podcastlife,2
"2020-04-06 02:21:54",SportsLiveOn,2
"2020-04-06 02:21:54",sportspodcasts,2
"2020-04-06 02:21:49",COVID19US,2
"2020-04-06 02:21:49",COVIDUSA,1
"2020-04-06 02:21:49",global,2
"2020-04-06 02:20:29",antivaxxers,1
"2020-04-06 02:19:41",LockdownDiaries,1
"2020-04-06 02:19:10",lied,1
"2020-04-06 02:19:10",War,1
"2020-04-06 02:19:10",world,2
"2020-04-06 02:18:39",shutupShiva,1
"2020-04-06 02:17:55",NextRevFNC,1
"2020-04-06 02:17:09",cartoons,1
"2020-04-06 02:17:09",ChinaVirus,3
"2020-04-06 02:17:09",Pence,2
"2020-04-06 02:17:09",satire,1
"2020-04-06 02:17:00",stripclub,2
"2020-04-06 02:14:49",squirrel,1
"2020-04-06 02:14:49",SundayFunday,1
"2020-04-06 02:11:25",humanitysucks,1
"2020-04-06 02:11:25",SinceIveBeenQuarantined,3
"2020-04-06 02:10:52",patentinsider,1
"2020-04-06 02:02:40",Wrestlemania36,2
"2020-04-06 02:00:14",CardsAgainstHumanity,1
"2020-04-06 02:00:14",QuarantineDiaries,3
"2020-04-06 02:00:14",relativeinsanity,1
"2020-04-06 01:54:33",poetry,1
"2020-04-06 01:54:22",Karantina,1
"2020-04-06 01:51:59",motherhood,1
"2020-04-06 01:48:49",everything,1
"2020-04-06 01:47:15",ConfessionIsGoodForTheSoul,2
"2020-04-06 01:46:41",BarbraStreisand,1
"2020-04-06 01:46:41",芭芭拉史翠珊,1
"2020-04-06 01:46:20",Hydroxychloroquinine,1
"2020-04-06 01:45:44",bacteria,2
"2020-04-06 01:45:44",baldchallenge,2
"2020-04-06 01:45:44",NewProfilePic,2
"2020-04-06 01:45:44",Viruses,2
"2020-04-06 01:45:21",MakingAMurderer,1
"2020-04-06 01:44:48",army,2
"2020-04-06 01:44:48",educhat,3
"2020-04-06 01:44:48",grunt,1
"2020-04-06 01:44:48",military,1
"2020-04-06 01:44:48",SundayThoughts,3
"2020-04-06 01:44:48",tiktok,1
"2020-04-06 01:44:48",Veteran,1
"2020-04-06 01:44:11",DnD,1
"2020-04-06 01:41:44",LoveIsBlind,2
"2020-04-06 01:41:14",CoronavirusUSA,41
"2020-04-06 01:38:15",ZoeysPlaylist,1
"2020-04-06 01:35:52",virologist,3
"2020-04-06 01:35:52",virushunter,3
"2020-04-06 01:34:31",HQCTruth,1
"2020-04-06 01:34:31",HRDROXYCHLOROQUINE,1
"2020-04-06 01:34:06",tonawanda,2
"2020-04-06 01:33:42",quarantineandchill,7
"2020-04-06 01:32:35",chargers,2
"2020-04-06 01:32:35",ipads,2
"2020-04-06 01:32:35",stands,2
"2020-04-06 01:32:26",tigerking,15
"2020-04-06 01:32:20",MemesDaily,1
"2020-04-06 01:32:20",QuarantineActivities,1
"2020-04-06 01:30:39",HCWs,1
"2020-04-06 01:29:52",naviiwittwoeyes,1
"2020-04-06 01:29:52",privatemoney,1
"2020-04-06 01:29:52",whoiseli,1
"2020-04-06 01:29:45",CoronavirusVirus,1
"2020-04-06 01:29:14",concert,1
"2020-04-06 01:29:00",VoteBlueToSaveAmerica,2
"2020-04-06 01:27:01",Ukraine,1
"2020-04-06 01:27:01",whistleblower,1
"2020-04-06 01:26:34",9pm9minutes,1
"2020-04-06 01:25:37",fieldtrip,1
"2020-04-06 01:24:52",JustSaying,1
"2020-04-06 01:23:45",TomDempsey,2
"2020-04-06 01:22:28",9PMROUTINE,1
"2020-04-06 01:22:21",POLL,1
"2020-04-06 01:19:53",CDC,2
"2020-04-06 01:17:50",CUOMOFAKENEWS,1
"2020-04-06 01:17:50",CUOMOVIRUS,1
"2020-04-06 01:17:31",SmallDetailsSeemedBig,2
"2020-04-06 01:12:34",5GKILLS,1
"2020-04-06 01:12:34",health,9
"2020-04-06 01:12:34",LockdownNow,1
"2020-04-06 01:12:34",MartialLawNow,1
"2020-04-06 01:12:34",MindControl,1
"2020-04-06 01:11:29",CoronavirusOubreak,1
"2020-04-06 01:11:29",USSTheodoreRoosevelt,1
"2020-04-06 01:10:43",Exclusive,5
"2020-04-06 01:09:12",motleycrew,1
"2020-04-06 01:09:05",MKJdance,3
"2020-04-06 01:04:52",needabackrub,1
"2020-04-06 01:04:52",workworkwork,1
"2020-04-06 01:00:34",programmingsoftwares,1
"2020-04-06 00:59:13",ACMOurCountry,1
"2020-04-06 00:57:20",grim,1
"2020-04-06 00:57:20",scary,2
"2020-04-06 00:57:20",uncertainty,1
"2020-04-06 00:55:51",blesstheblue,3
"2020-04-06 00:55:51",irishangel,3
"2020-04-06 00:52:17",goodjobmypeople,1
"2020-04-06 00:51:56",TrumpDepression,2
"2020-04-06 00:46:50",AssholeInChief,1
"2020-04-06 00:46:50",LiarInChief,1
"2020-04-06 00:46:50",NastyAsshole,1
"2020-04-06 00:45:55",cloroquine,1
"2020-04-06 00:45:44",Hydroxycloroquine,7
"2020-04-06 00:45:23",LastManStanding,1
"2020-04-06 00:45:16",wherearethetests,2
"2020-04-06 00:44:53",PressBriefing,1
"2020-04-06 00:44:33",bigsmile,2
"2020-04-06 00:44:33",goldenretriever,2
"2020-04-06 00:44:33",GRC,2
"2020-04-06 00:44:33",happydog,2
"2020-04-06 00:44:33",rescuedog,3
"2020-04-06 00:44:33",saturdaysmiles,2
"2020-04-06 00:44:33",WeekendSmiles,2
"2020-04-06 00:44:05",BioWeapon,1
"2020-04-06 00:42:48",Hearttransplant,1
"2020-04-06 00:42:13",WorstPresidentInHistory,2
"2020-04-06 00:40:00",4K,1
"2020-04-06 00:40:00",business,3
"2020-04-06 00:40:00",DisneyPlus,1
"2020-04-06 00:40:00",NowWatching,1
"2020-04-06 00:40:00",SFI,1
"2020-04-06 00:40:00",UHD,1
"2020-04-06 00:40:00",WatchMovies,1
"2020-04-06 00:38:49",bl,1
"2020-04-06 00:38:49",lezhin,1
"2020-04-06 00:37:32",FacebookLive,1
"2020-04-06 00:37:08",FlattenTheCuve,1
"2020-04-06 00:34:06",MeanGirls,1
"2020-04-06 00:31:19",hearties,3
"2020-04-06 00:30:41",baking,1
"2020-04-06 00:30:41",cookies,1
"2020-04-06 00:30:41",vegan,2
"2020-04-06 00:30:00",backthatthangup,1
"2020-04-06 00:27:25",FireFauci,7
"2020-04-06 00:26:46",hoaxvirus,1
"2020-04-06 00:25:35",GovernorHogan,1
"2020-04-06 00:25:21",Lupis,1
"2020-04-06 00:22:01",covid_19GR,4
"2020-04-06 00:21:44",drugs,1
"2020-04-06 00:21:44",sheep,1
"2020-04-06 00:21:24",Election2020,2
"2020-04-06 00:21:24",TheEconomist,2
"2020-04-06 00:16:09",StarWars,1
"2020-04-06 00:15:18",cheers,3
"2020-04-06 00:15:04",selfcare,4
"2020-04-06 00:11:20",OTalk2US,1
"2020-04-06 00:09:52",gas,1
"2020-04-06 00:09:52",WhiteHouse,1
"2020-04-06 00:09:08",GoldenGirls,1
"2020-04-06 00:08:10",iFunny,1
"2020-04-06 00:06:05",FM20,1
"2020-04-06 00:00:06",OprahWinfrey,1
